Date,Open,High,Low,Close,Volume,Dividends,Stock Splits,Ticker,Stock Name
2024-08-13 00:00:00-04:00,27.656113764406758,28.043591452717276,27.423628259998775,27.94672203063965,34620700,0.0,0.0,PFE,"Pfizer, Inc."
2024-08-14 00:00:00-04:00,27.89828722397267,28.26639066926905,27.772358264874814,27.97578239440918,23677700,0.0,0.0,PFE,"Pfizer, Inc."
2024-08-15 00:00:00-04:00,28.02421883871742,28.10171401138833,27.627055847825154,27.811105728149414,28676800,0.0,0.0,PFE,"Pfizer, Inc."
2024-08-16 00:00:00-04:00,27.752984405383142,27.752984405383142,26.978032689987664,27.413942337036133,50332900,0.0,0.0,PFE,"Pfizer, Inc."
2024-08-19 00:00:00-04:00,27.46237718493463,27.985469115888797,27.3945691427397,27.898286819458008,26382500,0.0,0.0,PFE,"Pfizer, Inc."
2024-08-20 00:00:00-04:00,27.89828781481645,28.27607839537226,27.89828781481645,27.99515724182129,21301300,0.0,0.0,PFE,"Pfizer, Inc."
2024-08-21 00:00:00-04:00,28.072650486613004,28.25670220052334,28.024216700251056,28.12108612060547,16729700,0.0,0.0,PFE,"Pfizer, Inc."
2024-08-22 00:00:00-04:00,28.111399382884546,28.21795408388171,27.64642837590452,27.87891387939453,20241500,0.0,0.0,PFE,"Pfizer, Inc."
2024-08-23 00:00:00-04:00,27.917662069743546,28.03390575167548,27.743297470660963,27.99515724182129,21885300,0.0,0.0,PFE,"Pfizer, Inc."
2024-08-26 00:00:00-04:00,28.014530181884766,28.140459137739125,27.869226972012644,28.014530181884766,16506000,0.0,0.0,PFE,"Pfizer, Inc."
2024-08-27 00:00:00-04:00,28.072652008788975,28.130774772731506,27.665801899344324,27.917661666870117,16184600,0.0,0.0,PFE,"Pfizer, Inc."
2024-08-28 00:00:00-04:00,27.878914897483973,28.169521325551298,27.74329696310603,27.849853515625,19874100,0.0,0.0,PFE,"Pfizer, Inc."
2024-08-29 00:00:00-04:00,27.966096301526598,27.985468707849424,27.636741374841424,27.820791244506836,19229800,0.0,0.0,PFE,"Pfizer, Inc."
2024-08-30 00:00:00-04:00,27.820792033146397,28.14045984191655,27.77235824452055,28.101713180541992,37137600,0.0,0.0,PFE,"Pfizer, Inc."
2024-09-03 00:00:00-04:00,27.752984405383142,28.0145313021906,27.258951993957037,27.413942337036133,44499600,0.0,0.0,PFE,"Pfizer, Inc."
2024-09-04 00:00:00-04:00,27.404255853896906,27.646428485277553,27.317073558789428,27.501123428344727,23510500,0.0,0.0,PFE,"Pfizer, Inc."
2024-09-05 00:00:00-04:00,27.539871623514852,27.89828607921533,27.46237645625822,27.617366790771484,25927200,0.0,0.0,PFE,"Pfizer, Inc."
2024-09-06 00:00:00-04:00,27.665802001953125,27.86922798124524,27.39456982640447,27.665802001953125,31214500,0.0,0.0,PFE,"Pfizer, Inc."
2024-09-09 00:00:00-04:00,27.64642939760669,28.663553743918186,27.559247099622205,28.48918914794922,36558400,0.0,0.0,PFE,"Pfizer, Inc."
2024-09-10 00:00:00-04:00,28.49887439444433,28.828229310065215,28.27607602435682,28.808855056762695,32378800,0.0,0.0,PFE,"Pfizer, Inc."
2024-09-11 00:00:00-04:00,28.750733734837997,28.770107987864467,28.22763998890606,28.731359481811523,31943100,0.0,0.0,PFE,"Pfizer, Inc."
2024-09-12 00:00:00-04:00,28.65386702052384,28.779795981815035,27.85954104780695,28.24701690673828,32535900,0.0,0.0,PFE,"Pfizer, Inc."
2024-09-13 00:00:00-04:00,28.247016293703936,28.402006633912773,28.082338826278225,28.353572845458984,19987700,0.0,0.0,PFE,"Pfizer, Inc."
2024-09-16 00:00:00-04:00,28.644177625692585,29.196330911916437,28.518248674369623,29.128522872924805,29224600,0.0,0.0,PFE,"Pfizer, Inc."
2024-09-17 00:00:00-04:00,29.109149304066143,29.196331598428355,28.67323967988562,28.896038055419922,27055300,0.0,0.0,PFE,"Pfizer, Inc."
2024-09-18 00:00:00-04:00,29.060717029731816,29.196333117962098,28.799170133032877,28.818544387817383,25812800,0.0,0.0,PFE,"Pfizer, Inc."
2024-09-19 00:00:00-04:00,28.954157848724552,29.399756430181068,28.595743405887156,28.731359481811523,22653200,0.0,0.0,PFE,"Pfizer, Inc."
2024-09-20 00:00:00-04:00,28.6151202527205,28.624805532481194,28.31482484648143,28.498876571655273,56877400,0.0,0.0,PFE,"Pfizer, Inc."
2024-09-23 00:00:00-04:00,28.508562401359846,28.547309061530786,28.266389770492204,28.392318725585938,23126200,0.0,0.0,PFE,"Pfizer, Inc."
2024-09-24 00:00:00-04:00,28.334199501296222,28.66355444672858,28.237330073646,28.576372146606445,21446200,0.0,0.0,PFE,"Pfizer, Inc."
2024-09-25 00:00:00-04:00,28.673240341012804,28.779795043977508,28.004843351367935,28.02421760559082,30712700,0.0,0.0,PFE,"Pfizer, Inc."
2024-09-26 00:00:00-04:00,27.58830723133284,28.101713903067832,27.423629759088083,28.062965393066406,32310400,0.0,0.0,PFE,"Pfizer, Inc."
2024-09-27 00:00:00-04:00,28.11139880863226,28.31482292716907,28.014529388915943,28.17920684814453,25013000,0.0,0.0,PFE,"Pfizer, Inc."
2024-09-30 00:00:00-04:00,28.198580578119667,28.276075742927954,27.87891279233166,28.033903121948242,27464700,0.0,0.0,PFE,"Pfizer, Inc."
2024-10-01 00:00:00-04:00,28.14045953404257,28.16952091547849,27.636741855900702,27.772357940673828,30725100,0.0,0.0,PFE,"Pfizer, Inc."
2024-10-02 00:00:00-04:00,27.704548179241904,27.869225635232848,27.491435090529823,27.714235305786133,24957200,0.0,0.0,PFE,"Pfizer, Inc."
2024-10-03 00:00:00-04:00,27.607678545396986,27.627052798333835,27.37519305304614,27.452688217163086,25678900,0.0,0.0,PFE,"Pfizer, Inc."
2024-10-04 00:00:00-04:00,27.404255652447972,27.694862068916283,27.355820017949565,27.6851749420166,28769000,0.0,0.0,PFE,"Pfizer, Inc."
2024-10-07 00:00:00-04:00,28.45044216100873,28.90572605267425,28.198582397226552,28.285764694213867,51426600,0.0,0.0,PFE,"Pfizer, Inc."
2024-10-08 00:00:00-04:00,28.295449380100777,28.566683392551774,28.092025256485442,28.266389846801758,29126600,0.0,0.0,PFE,"Pfizer, Inc."
2024-10-09 00:00:00-04:00,28.305137129259254,29.47725365235542,28.18889529824694,29.244768142700195,44244800,0.0,0.0,PFE,"Pfizer, Inc."
2024-10-10 00:00:00-04:00,28.95416006224939,29.13821178481056,28.36326008081185,28.4213809967041,34347700,0.0,0.0,PFE,"Pfizer, Inc."
2024-10-11 00:00:00-04:00,28.440755760019265,28.518250931805532,28.043592773660823,28.24701690673828,29617600,0.0,0.0,PFE,"Pfizer, Inc."
2024-10-14 00:00:00-04:00,28.247016502464255,28.256703629752725,27.946722947044133,28.16952133178711,23594200,0.0,0.0,PFE,"Pfizer, Inc."
2024-10-15 00:00:00-04:00,28.17920745917519,28.808855929538634,28.159833205285718,28.51824951171875,29009900,0.0,0.0,PFE,"Pfizer, Inc."
2024-10-16 00:00:00-04:00,28.57637134477078,28.886352026449092,28.508563301607474,28.74104881286621,28414800,0.0,0.0,PFE,"Pfizer, Inc."
2024-10-17 00:00:00-04:00,28.55699697412161,28.60543261020599,28.305137209374603,28.353572845458984,23779200,0.0,0.0,PFE,"Pfizer, Inc."
2024-10-18 00:00:00-04:00,28.382630892974415,28.450440779941097,28.16951964825635,28.30513572692871,24244900,0.0,0.0,PFE,"Pfizer, Inc."
2024-10-21 00:00:00-04:00,28.305136901300322,28.305136901300322,27.975781970033612,28.02421760559082,23395700,0.0,0.0,PFE,"Pfizer, Inc."
2024-10-22 00:00:00-04:00,27.995155520510618,28.082337814691417,27.704549104994975,27.937034606933594,29036400,0.0,0.0,PFE,"Pfizer, Inc."
2024-10-23 00:00:00-04:00,27.966096581419343,28.198582088294973,27.772357735207695,27.956409454345703,22217600,0.0,0.0,PFE,"Pfizer, Inc."
2024-10-24 00:00:00-04:00,27.956408764657056,28.072650591411886,27.60767958913152,27.743295669555664,31473600,0.0,0.0,PFE,"Pfizer, Inc."
2024-10-25 00:00:00-04:00,27.78204636241337,27.830480152766253,27.549560842984345,27.559247970581055,26091100,0.0,0.0,PFE,"Pfizer, Inc."
2024-10-28 00:00:00-04:00,27.704549693322793,28.033904623304245,27.665801185028236,27.956409454345703,37922500,0.0,0.0,PFE,"Pfizer, Inc."
2024-10-29 00:00:00-04:00,28.101712479332928,28.25670281622496,27.15239620396161,27.568931579589844,102267000,0.0,0.0,PFE,"Pfizer, Inc."
2024-10-30 00:00:00-04:00,27.42362824347404,27.70454938256684,27.30738641515537,27.62705421447754,47104000,0.0,0.0,PFE,"Pfizer, Inc."
2024-10-31 00:00:00-04:00,27.559247400349587,27.74329727798687,27.40425705727049,27.413942337036133,37909600,0.0,0.0,PFE,"Pfizer, Inc."
2024-11-01 00:00:00-04:00,27.588306609141267,27.64642937283258,27.17176937417324,27.21051788330078,46894600,0.0,0.0,PFE,"Pfizer, Inc."
2024-11-04 00:00:00-05:00,27.220205004122167,27.258951665609906,26.861788685299913,26.890850067138672,41347800,0.0,0.0,PFE,"Pfizer, Inc."
2024-11-05 00:00:00-05:00,26.871474830688722,27.123334587863116,26.716484495139948,27.1136474609375,44175800,0.0,0.0,PFE,"Pfizer, Inc."
2024-11-06 00:00:00-05:00,27.055527418870753,27.113648334666838,26.232140079965383,26.503374099731445,65749500,0.0,0.0,PFE,"Pfizer, Inc."
2024-11-07 00:00:00-05:00,26.668050595590582,26.72617150926844,26.483998880041746,26.60024070739746,48484800,0.0,0.0,PFE,"Pfizer, Inc."
2024-11-08 00:00:00-05:00,26.669104788276282,26.708453283906262,26.27560857400244,26.285446166992188,55951300,0.42,0.0,PFE,"Pfizer, Inc."
2024-11-11 00:00:00-05:00,26.28544467407631,26.393656314488496,25.79357631049931,25.813251495361328,54329300,0.0,0.0,PFE,"Pfizer, Inc."
2024-11-12 00:00:00-05:00,25.803415191527147,26.0100008902372,25.527970095019075,25.764066696166992,53035200,0.0,0.0,PFE,"Pfizer, Inc."
2024-11-13 00:00:00-05:00,25.803415368468634,26.314958945961425,25.557481172711988,26.285446166992188,47983100,0.0,0.0,PFE,"Pfizer, Inc."
2024-11-14 00:00:00-05:00,26.305120143784205,26.413331785368165,25.41975745502421,25.596830368041992,45262200,0.0,0.0,PFE,"Pfizer, Inc."
2024-11-15 00:00:00-05:00,25.28203589466179,25.28203589466179,24.081875827047075,24.396671295166016,131074400,0.0,0.0,PFE,"Pfizer, Inc."
2024-11-18 00:00:00-05:00,24.563905872113228,24.839352836471328,24.298298376703528,24.45569610595703,64261300,0.0,0.0,PFE,"Pfizer, Inc."
2024-11-19 00:00:00-05:00,24.298299106815048,24.701631034687523,24.209762646908505,24.69179344177246,52381200,0.0,0.0,PFE,"Pfizer, Inc."
2024-11-20 00:00:00-05:00,24.662280170579734,24.691792948735614,24.24911065804222,24.534395217895508,46170800,0.0,0.0,PFE,"Pfizer, Inc."
2024-11-21 00:00:00-05:00,24.465534033527423,24.80984039827768,24.37699757506908,24.721303939819336,45048400,0.0,0.0,PFE,"Pfizer, Inc."
2024-11-22 00:00:00-05:00,24.77049161761203,25.331221263821867,24.691792752816422,25.232847213745117,41897000,0.0,0.0,PFE,"Pfizer, Inc."
2024-11-25 00:00:00-05:00,25.331220982992235,26.019837449566314,25.32138339046073,25.7443904876709,57707600,0.0,0.0,PFE,"Pfizer, Inc."
2024-11-26 00:00:00-05:00,25.734553572509686,25.813252438504282,25.193499103337956,25.35089683532715,33001000,0.0,0.0,PFE,"Pfizer, Inc."
2024-11-27 00:00:00-05:00,25.341058467670983,25.527968972316263,25.282034789062074,25.40991973876953,28242100,0.0,0.0,PFE,"Pfizer, Inc."
2024-11-29 00:00:00-05:00,25.409919953840156,25.803414275111628,25.350896274731667,25.78373908996582,22023000,0.0,0.0,PFE,"Pfizer, Inc."
2024-12-02 00:00:00-05:00,25.64601773863699,25.79357788143131,25.31154708092772,25.400083541870117,43866400,0.0,0.0,PFE,"Pfizer, Inc."
2024-12-03 00:00:00-05:00,25.409919361852147,25.47878063192924,25.104961504512634,25.144309997558594,49064300,0.0,0.0,PFE,"Pfizer, Inc."
2024-12-04 00:00:00-05:00,25.03610063527418,25.085286721451343,24.77049126672811,24.819677352905273,42541500,0.0,0.0,PFE,"Pfizer, Inc."
2024-12-05 00:00:00-05:00,24.819678343274905,25.370572287351575,24.731141883560046,25.28203582763672,43647900,0.0,0.0,PFE,"Pfizer, Inc."
2024-12-06 00:00:00-05:00,25.321383918420217,25.675529751622822,25.173823780028783,25.311546325683594,31830700,0.0,0.0,PFE,"Pfizer, Inc."
2024-12-09 00:00:00-05:00,25.34105883578975,26.010000124171192,25.163985921061844,25.67552947998047,37464800,0.0,0.0,PFE,"Pfizer, Inc."
2024-12-10 00:00:00-05:00,25.675529248660503,25.685366841204416,25.095124422872086,25.15414810180664,43280500,0.0,0.0,PFE,"Pfizer, Inc."
2024-12-11 00:00:00-05:00,24.967237487765676,25.09512431395256,24.760653674226894,24.819677352905273,39569400,0.0,0.0,PFE,"Pfizer, Inc."
2024-12-12 00:00:00-05:00,24.77049266754798,25.065612953958414,24.652443427186395,24.9574031829834,38705100,0.0,0.0,PFE,"Pfizer, Inc."
2024-12-13 00:00:00-05:00,24.92788960918657,25.242685071677393,24.849190743563863,25.163986206054688,29043600,0.0,0.0,PFE,"Pfizer, Inc."
2024-12-16 00:00:00-05:00,25.173824214908734,25.33122194875585,24.80984078268166,24.839353561401367,40194000,0.0,0.0,PFE,"Pfizer, Inc."
2024-12-17 00:00:00-05:00,25.47878098124228,26.02967302574063,25.439432487656855,26.00016212463379,71440300,0.0,0.0,PFE,"Pfizer, Inc."
2024-12-18 00:00:00-05:00,25.764066708382114,26.08869976965554,25.439433647108686,25.468944549560547,47575100,0.0,0.0,PFE,"Pfizer, Inc."
2024-12-19 00:00:00-05:00,25.282035562123,25.665692299305537,25.16398632496662,25.35089683532715,50324700,0.0,0.0,PFE,"Pfizer, Inc."
2024-12-20 00:00:00-05:00,25.28203501739482,26.059186067805797,25.28203501739482,25.93130111694336,116340100,0.0,0.0,PFE,"Pfizer, Inc."
2024-12-23 00:00:00-05:00,25.931301696447388,26.314958433937466,25.76406637153369,26.27560806274414,35350400,0.0,0.0,PFE,"Pfizer, Inc."
2024-12-24 00:00:00-05:00,26.15756033091498,26.334633246116162,25.950974637737286,26.30512046813965,19716400,0.0,0.0,PFE,"Pfizer, Inc."
2024-12-26 00:00:00-05:00,26.206746809232218,26.2854456753492,26.04934907699825,26.128047943115234,31406000,0.0,0.0,PFE,"Pfizer, Inc."
2024-12-27 00:00:00-05:00,26.000162248579944,26.413331753005565,25.99032465605446,26.18707275390625,35218300,0.0,0.0,PFE,"Pfizer, Inc."
2024-12-30 00:00:00-05:00,26.04934960944631,26.14772366318555,25.81325300626955,25.990325927734375,32859100,0.0,0.0,PFE,"Pfizer, Inc."
2024-12-31 00:00:00-05:00,25.97065061294279,26.216584807906887,25.931302117439614,26.09853744506836,27085500,0.0,0.0,PFE,"Pfizer, Inc."
2025-01-02 00:00:00-05:00,26.314959107048345,26.42317075426897,26.128048591756997,26.177236557006836,32899200,0.0,0.0,PFE,"Pfizer, Inc."
2025-01-03 00:00:00-05:00,26.265771991501797,26.403494536160274,26.088699076181502,26.157560348510742,33417000,0.0,0.0,PFE,"Pfizer, Inc."
2025-01-06 00:00:00-05:00,26.275607672685158,26.806826417935348,26.128047535558643,26.452680587768555,43951000,0.0,0.0,PFE,"Pfizer, Inc."
2025-01-07 00:00:00-05:00,26.570730561136173,27.121622630660276,26.501869286986786,26.688777923583984,35030000,0.0,0.0,PFE,"Pfizer, Inc."
2025-01-08 00:00:00-05:00,26.61007872398322,26.698615182877205,25.8034148774638,26.42317008972168,35430700,0.0,0.0,PFE,"Pfizer, Inc."
2025-01-10 00:00:00-05:00,26.433008185509383,26.610079230337803,26.255935264351955,26.285446166992188,32836900,0.0,0.0,PFE,"Pfizer, Inc."
2025-01-13 00:00:00-05:00,26.216583238701652,26.37398096395124,25.931300565310103,26.36414337158203,28359600,0.0,0.0,PFE,"Pfizer, Inc."
2025-01-14 00:00:00-05:00,26.373982154371124,26.433007711250575,25.842765276758893,25.980487823486328,25856900,0.0,0.0,PFE,"Pfizer, Inc."
2025-01-15 00:00:00-05:00,26.088699348268594,26.21658430159537,25.783739601445813,25.793577194213867,35949700,0.0,0.0,PFE,"Pfizer, Inc."
2025-01-16 00:00:00-05:00,25.646017415016967,26.137885802343963,25.53780576937975,26.059186935424805,29981100,0.0,0.0,PFE,"Pfizer, Inc."
2025-01-17 00:00:00-05:00,25.97065035843975,26.12804809156801,25.793577439588212,25.872276306152344,35380300,0.0,0.0,PFE,"Pfizer, Inc."
2025-01-21 00:00:00-05:00,26.019838418978264,26.20674705505371,25.96081286159013,26.20674705505371,39745600,0.0,0.0,PFE,"Pfizer, Inc."
2025-01-22 00:00:00-05:00,26.07886062286035,26.167397077598615,25.547641894430768,25.586992263793945,41890400,0.0,0.0,PFE,"Pfizer, Inc."
2025-01-23 00:00:00-05:00,25.58699312562423,26.04934872324148,25.429595395527762,26.010000228881836,40987000,0.0,0.0,PFE,"Pfizer, Inc."
2025-01-24 00:00:00-05:00,26.020000457763672,26.200000762939453,25.959999084472656,26.09000015258789,31300200,0.43,0.0,PFE,"Pfizer, Inc."
2025-01-27 00:00:00-05:00,26.239999771118164,26.969999313354492,26.18000030517578,26.860000610351562,50648600,0.0,0.0,PFE,"Pfizer, Inc."
2025-01-28 00:00:00-05:00,26.780000686645508,26.860000610351562,26.489999771118164,26.75,40589600,0.0,0.0,PFE,"Pfizer, Inc."
2025-01-29 00:00:00-05:00,26.799999237060547,27.06999969482422,26.56999969482422,26.6200008392334,34418200,0.0,0.0,PFE,"Pfizer, Inc."
2025-01-30 00:00:00-05:00,26.65999984741211,27.010000228881836,26.579999923706055,26.90999984741211,32289600,0.0,0.0,PFE,"Pfizer, Inc."
2025-01-31 00:00:00-05:00,26.959999084472656,27.010000228881836,26.420000076293945,26.520000457763672,37338200,0.0,0.0,PFE,"Pfizer, Inc."
2025-02-03 00:00:00-05:00,26.299999237060547,26.469999313354492,26.149999618530273,26.200000762939453,49626200,0.0,0.0,PFE,"Pfizer, Inc."
2025-02-04 00:00:00-05:00,26.100000381469727,26.920000076293945,25.600000381469727,25.8700008392334,68748300,0.0,0.0,PFE,"Pfizer, Inc."
2025-02-05 00:00:00-05:00,25.950000762939453,26.690000534057617,25.700000762939453,26.440000534057617,50426800,0.0,0.0,PFE,"Pfizer, Inc."
2025-02-06 00:00:00-05:00,26.420000076293945,26.469999313354492,25.780000686645508,25.829999923706055,45182000,0.0,0.0,PFE,"Pfizer, Inc."
2025-02-07 00:00:00-05:00,25.860000610351562,25.959999084472656,25.530000686645508,25.739999771118164,36512800,0.0,0.0,PFE,"Pfizer, Inc."
2025-02-10 00:00:00-05:00,25.780000686645508,26.1200008392334,25.510000228881836,25.8700008392334,39632700,0.0,0.0,PFE,"Pfizer, Inc."
2025-02-11 00:00:00-05:00,25.829999923706055,25.90999984741211,25.459999084472656,25.530000686645508,36593300,0.0,0.0,PFE,"Pfizer, Inc."
2025-02-12 00:00:00-05:00,25.479999542236328,25.6200008392334,25.170000076293945,25.469999313354492,31615300,0.0,0.0,PFE,"Pfizer, Inc."
2024-08-13 00:00:00-04:00,157.79656273061326,157.89501042002343,154.02566918795782,155.94557189941406,9711400,0.0,0.0,JNJ,Johnson & Johnson
2024-08-14 00:00:00-04:00,155.39421712330238,157.0876736273984,154.97084548562802,156.0341796875,5141200,0.0,0.0,JNJ,Johnson & Johnson
2024-08-15 00:00:00-04:00,155.92589134933104,157.03845701210864,155.40407197303585,156.63478088378906,7237800,0.0,0.0,JNJ,Johnson & Johnson
2024-08-16 00:00:00-04:00,156.68398826041042,157.471644847382,155.73879735138453,156.9301300048828,5012800,0.0,0.0,JNJ,Johnson & Johnson
2024-08-19 00:00:00-04:00,156.99906827552604,157.8162457058564,156.67415934649426,157.16644287109375,4408400,0.0,0.0,JNJ,Johnson & Johnson
2024-08-20 00:00:00-04:00,157.53072860525563,158.4463687540892,157.20581967471117,157.68826293945312,7275100,0.0,0.0,JNJ,Johnson & Johnson
2024-08-21 00:00:00-04:00,157.9245415958732,158.98787576409072,157.83593417101346,158.9386444091797,5019400,0.0,0.0,JNJ,Johnson & Johnson
2024-08-22 00:00:00-04:00,159.49986268500166,159.98230594965946,158.30852993987975,159.84446716308594,6552100,0.0,0.0,JNJ,Johnson & Johnson
2024-08-23 00:00:00-04:00,159.9921358622531,161.6855922867822,159.20447926565586,161.59698486328125,7093400,0.0,0.0,JNJ,Johnson & Johnson
2024-08-26 00:00:00-04:00,161.63636817940895,163.15260982491512,161.01608614049272,162.069580078125,6870600,0.0,0.0,JNJ,Johnson & Johnson
2024-08-27 00:00:00-04:00,162.19854864051632,162.73424360862865,160.86921860266025,161.65292358398438,4388700,1.24,0.0,JNJ,Johnson & Johnson
2024-08-28 00:00:00-04:00,161.70252882409673,163.68660893236788,161.4148438688226,162.61520385742188,5187000,0.0,0.0,JNJ,Johnson & Johnson
2024-08-29 00:00:00-04:00,163.31955458562007,163.40883455514384,162.05965951213213,162.9227294921875,7390100,0.0,0.0,JNJ,Johnson & Johnson
2024-08-30 00:00:00-04:00,162.81360925625737,164.65880436715133,162.50607926066334,164.53976440429688,7971000,0.0,0.0,JNJ,Johnson & Johnson
2024-09-03 00:00:00-04:00,163.92470687613013,166.47424198866057,163.4584468315045,165.8294219970703,6956500,0.0,0.0,JNJ,Johnson & Johnson
2024-09-04 00:00:00-04:00,166.47423174974614,167.50596183763074,164.7183166926065,166.02781677246094,6939100,0.0,0.0,JNJ,Johnson & Johnson
2024-09-05 00:00:00-04:00,165.86909685753122,166.03774185313563,163.5179667330113,163.67669677734375,4600400,0.0,0.0,JNJ,Johnson & Johnson
2024-09-06 00:00:00-04:00,163.86516839301848,164.61912851982953,162.81360836070823,163.07154846191406,6016900,0.0,0.0,JNJ,Johnson & Johnson
2024-09-09 00:00:00-04:00,163.5278830389588,166.07743330868,163.16083305356327,165.28379821777344,7538200,0.0,0.0,JNJ,Johnson & Johnson
2024-09-10 00:00:00-04:00,166.1667084191173,167.11907352779528,165.42267838141976,166.04766845703125,6559600,0.0,0.0,JNJ,Johnson & Johnson
2024-09-11 00:00:00-04:00,165.46234627122146,165.46234627122146,162.7838412771306,163.50804138183594,5920200,0.0,0.0,JNJ,Johnson & Johnson
2024-09-12 00:00:00-04:00,162.89296774403812,163.78581284162667,161.41483780677945,163.3294677734375,4540900,0.0,0.0,JNJ,Johnson & Johnson
2024-09-13 00:00:00-04:00,163.42867886499104,164.4306338389451,162.5160038601624,164.2024688720703,3693400,0.0,0.0,JNJ,Johnson & Johnson
2024-09-16 00:00:00-04:00,165.03577655176147,165.9186915545406,164.46039152989104,165.6607666015625,5187800,0.0,0.0,JNJ,Johnson & Johnson
2024-09-17 00:00:00-04:00,164.91674774241275,166.38496281696317,164.6092026033858,165.74014282226562,5066500,0.0,0.0,JNJ,Johnson & Johnson
2024-09-18 00:00:00-04:00,165.30364375164598,167.009953904127,164.42072868392395,164.82745361328125,4722800,0.0,0.0,JNJ,Johnson & Johnson
2024-09-19 00:00:00-04:00,164.90680628872312,165.04569128434773,163.1112162962448,163.50804138183594,4956100,0.0,0.0,JNJ,Johnson & Johnson
2024-09-20 00:00:00-04:00,162.9921870066674,163.5576419768147,162.2481569519845,162.85330200195312,11839000,0.0,0.0,JNJ,Johnson & Johnson
2024-09-23 00:00:00-04:00,163.09137634722146,163.19058640604757,161.42475634771623,161.9207763671875,4671600,0.0,0.0,JNJ,Johnson & Johnson
2024-09-24 00:00:00-04:00,161.49419839865345,162.18863856639206,160.26407838402474,161.48428344726562,6041600,0.0,0.0,JNJ,Johnson & Johnson
2024-09-25 00:00:00-04:00,161.70253010855401,162.01999019431747,159.08354495032586,159.32164001464844,5420000,0.0,0.0,JNJ,Johnson & Johnson
2024-09-26 00:00:00-04:00,158.9645066513557,160.2541466356159,158.74625662444055,160.1053466796875,6122000,0.0,0.0,JNJ,Johnson & Johnson
2024-09-27 00:00:00-04:00,160.71047968756352,162.12908961888763,160.05572965587743,160.11524963378906,7553800,0.0,0.0,JNJ,Johnson & Johnson
2024-09-30 00:00:00-04:00,160.2839143473673,160.88904423169538,159.40098419194683,160.77000427246094,6010000,0.0,0.0,JNJ,Johnson & Johnson
2024-10-01 00:00:00-04:00,161.137061698738,161.4545217878338,159.89701160820164,160.70057678222656,4408000,0.0,0.0,JNJ,Johnson & Johnson
2024-10-02 00:00:00-04:00,160.22437492793088,160.82951993333856,159.3712199225582,159.8870849609375,4684400,0.0,0.0,JNJ,Johnson & Johnson
2024-10-03 00:00:00-04:00,159.5001973700318,160.15494743328995,158.94465736629633,159.22242736816406,4791200,0.0,0.0,JNJ,Johnson & Johnson
2024-10-04 00:00:00-04:00,158.35934897111042,159.22241892131808,157.5161089218915,159.0140838623047,5331100,0.0,0.0,JNJ,Johnson & Johnson
2024-10-07 00:00:00-04:00,158.97441713778286,159.5795621704464,157.95261710289145,158.26014709472656,4266000,0.0,0.0,JNJ,Johnson & Johnson
2024-10-08 00:00:00-04:00,158.2204640472772,158.97440899306326,157.68475397376608,158.4188690185547,4766300,0.0,0.0,JNJ,Johnson & Johnson
2024-10-09 00:00:00-04:00,158.6470460669605,159.93670118452457,158.24030600558575,159.37123107910156,6047200,0.0,0.0,JNJ,Johnson & Johnson
2024-10-10 00:00:00-04:00,160.07558569228178,160.10534568328225,158.72641059671648,159.2323455810547,4793900,0.0,0.0,JNJ,Johnson & Johnson
2024-10-11 00:00:00-04:00,160.8890443218473,161.36523443371092,159.91684933378576,160.17478942871094,5253500,0.0,0.0,JNJ,Johnson & Johnson
2024-10-14 00:00:00-04:00,160.11525481086468,160.84936988261242,159.61923479579096,160.3136749267578,5964000,0.0,0.0,JNJ,Johnson & Johnson
2024-10-15 00:00:00-04:00,158.72640722572908,165.42267753056453,157.73436718056828,162.7937774658203,10548000,0.0,0.0,JNJ,Johnson & Johnson
2024-10-16 00:00:00-04:00,162.69456581648546,163.67669090103587,161.34539076275803,162.9723358154297,5982100,0.0,0.0,JNJ,Johnson & Johnson
2024-10-17 00:00:00-04:00,162.95249256655688,163.6866076503061,162.32751763073088,163.16082763671875,4798000,0.0,0.0,JNJ,Johnson & Johnson
2024-10-18 00:00:00-04:00,163.57748382983917,163.97429379634048,162.62511871797415,163.80564880371094,5908000,0.0,0.0,JNJ,Johnson & Johnson
2024-10-21 00:00:00-04:00,163.78580954313404,163.93460948773745,161.01800947487857,161.53387451171875,6082700,0.0,0.0,JNJ,Johnson & Johnson
2024-10-22 00:00:00-04:00,161.02794609147597,162.4267110394467,160.61127595503484,162.14894104003906,5680300,0.0,0.0,JNJ,Johnson & Johnson
2024-10-23 00:00:00-04:00,161.52396929245413,164.67864940673707,161.1271441873893,164.53976440429688,7441600,0.0,0.0,JNJ,Johnson & Johnson
2024-10-24 00:00:00-04:00,163.68660253692872,164.19253749533155,162.03981247844663,162.3671875,5386300,0.0,0.0,JNJ,Johnson & Johnson
2024-10-25 00:00:00-04:00,162.37711109174722,162.6152061575463,159.3315559538845,159.5994110107422,6400400,0.0,0.0,JNJ,Johnson & Johnson
2024-10-28 00:00:00-04:00,159.84741490160215,160.6807248939669,159.7184448537375,160.3136749267578,4842500,0.0,0.0,JNJ,Johnson & Johnson
2024-10-29 00:00:00-04:00,160.17479425834347,160.87913422188535,158.78592909619144,158.81568908691406,5216900,0.0,0.0,JNJ,Johnson & Johnson
2024-10-30 00:00:00-04:00,158.18078809908403,159.99622326621645,157.76413308098762,159.33155822753906,5820500,0.0,0.0,JNJ,Johnson & Johnson
2024-10-31 00:00:00-04:00,158.71649446565925,159.58947942406732,158.19071444545247,158.5875244140625,8613900,0.0,0.0,JNJ,Johnson & Johnson
2024-11-01 00:00:00-04:00,159.30179218990205,159.77796717289223,158.60736718609763,158.85537719726562,5256400,0.0,0.0,JNJ,Johnson & Johnson
2024-11-04 00:00:00-05:00,158.4287929698406,159.0041780153649,156.8117779815993,156.9804229736328,4644000,0.0,0.0,JNJ,Johnson & Johnson
2024-11-05 00:00:00-05:00,156.41494350916628,157.32761848408398,155.1054585929205,157.08953857421875,6547100,0.0,0.0,JNJ,Johnson & Johnson
2024-11-06 00:00:00-05:00,158.62720105712475,159.56965123300796,156.09751098977972,156.623291015625,8926600,0.0,0.0,JNJ,Johnson & Johnson
2024-11-07 00:00:00-05:00,157.20859231836292,157.48636232912233,155.26418710571662,155.48243713378906,7522800,0.0,0.0,JNJ,Johnson & Johnson
2024-11-08 00:00:00-05:00,155.75028771557075,155.82965273598182,154.17294767039132,154.2324676513672,8926100,0.0,0.0,JNJ,Johnson & Johnson
2024-11-11 00:00:00-05:00,154.381262712299,156.3256678074382,153.67692277662837,153.80587768554688,7146800,0.0,0.0,JNJ,Johnson & Johnson
2024-11-12 00:00:00-05:00,153.29994282212633,153.80587778203798,151.15713274956641,151.42498779296875,7181400,0.0,0.0,JNJ,Johnson & Johnson
2024-11-13 00:00:00-05:00,151.2861028323255,152.28805780164527,150.21469779578752,152.0202178955078,7161900,0.0,0.0,JNJ,Johnson & Johnson
2024-11-14 00:00:00-05:00,151.96068759727402,152.3674276507444,149.55995249268736,150.66111755371094,7716400,0.0,0.0,JNJ,Johnson & Johnson
2024-11-15 00:00:00-05:00,149.6988396672169,153.2007398836605,149.6988396672169,152.774169921875,11328500,0.0,0.0,JNJ,Johnson & Johnson
2024-11-18 00:00:00-05:00,151.37538501756634,154.09358015769533,151.11746005839933,153.5380401611328,7514200,0.0,0.0,JNJ,Johnson & Johnson
2024-11-19 00:00:00-05:00,152.72455472196452,152.7642447988037,150.8396847799886,151.78211975097656,8233700,0.0,0.0,JNJ,Johnson & Johnson
2024-11-20 00:00:00-05:00,151.81188559094346,152.03013560998332,150.60159553529687,151.89125061035156,9061300,0.0,0.0,JNJ,Johnson & Johnson
2024-11-21 00:00:00-05:00,152.397182218407,154.81776227631346,151.5936322284509,154.26222229003906,10141100,0.0,0.0,JNJ,Johnson & Johnson
2024-11-22 00:00:00-05:00,154.65902993219066,155.86931994307622,152.88328499276332,153.93484497070312,8266000,0.0,0.0,JNJ,Johnson & Johnson
2024-11-25 00:00:00-05:00,153.93484826772885,155.78995826336242,153.90508827808026,154.5399932861328,12256200,0.0,0.0,JNJ,Johnson & Johnson
2024-11-26 00:00:00-05:00,155.16000366210938,155.25,153.16000366210938,154.52000427246094,5683500,1.24,0.0,JNJ,Johnson & Johnson
2024-11-27 00:00:00-05:00,154.6300048828125,156.6300048828125,154.60000610351562,155.39999389648438,4140400,0.0,0.0,JNJ,Johnson & Johnson
2024-11-29 00:00:00-05:00,154.88999938964844,155.6699981689453,154.1699981689453,155.00999450683594,5687800,0.0,0.0,JNJ,Johnson & Johnson
2024-12-02 00:00:00-05:00,154.75,155.0,153.92999267578125,154.8000030517578,6946500,0.0,0.0,JNJ,Johnson & Johnson
2024-12-03 00:00:00-05:00,154.8000030517578,154.8000030517578,152.30999755859375,152.36000061035156,8674400,0.0,0.0,JNJ,Johnson & Johnson
2024-12-04 00:00:00-05:00,151.2899932861328,151.55999755859375,149.75,150.47000122070312,10333100,0.0,0.0,JNJ,Johnson & Johnson
2024-12-05 00:00:00-05:00,150.0,150.3800048828125,148.9499969482422,149.52000427246094,7898100,0.0,0.0,JNJ,Johnson & Johnson
2024-12-06 00:00:00-05:00,149.38999938964844,150.0500030517578,148.3800048828125,149.30999755859375,8389600,0.0,0.0,JNJ,Johnson & Johnson
2024-12-09 00:00:00-05:00,149.2899932861328,150.88999938964844,148.44000244140625,149.60000610351562,8410300,0.0,0.0,JNJ,Johnson & Johnson
2024-12-10 00:00:00-05:00,149.92999267578125,150.8300018310547,148.3300018310547,149.22999572753906,9398700,0.0,0.0,JNJ,Johnson & Johnson
2024-12-11 00:00:00-05:00,148.5,148.5,146.3699951171875,146.63999938964844,13446700,0.0,0.0,JNJ,Johnson & Johnson
2024-12-12 00:00:00-05:00,147.1999969482422,147.77000427246094,146.00999450683594,146.24000549316406,6176300,0.0,0.0,JNJ,Johnson & Johnson
2024-12-13 00:00:00-05:00,145.66000366210938,146.92999267578125,145.0399932861328,146.6199951171875,8324900,0.0,0.0,JNJ,Johnson & Johnson
2024-12-16 00:00:00-05:00,146.72999572753906,147.25,143.52000427246094,143.85000610351562,8732400,0.0,0.0,JNJ,Johnson & Johnson
2024-12-17 00:00:00-05:00,143.83999633789062,146.66000366210938,143.7100067138672,146.41000366210938,10343000,0.0,0.0,JNJ,Johnson & Johnson
2024-12-18 00:00:00-05:00,145.67999267578125,146.74000549316406,144.6699981689453,144.75,9336100,0.0,0.0,JNJ,Johnson & Johnson
2024-12-19 00:00:00-05:00,144.13999938964844,145.22000122070312,143.3699951171875,143.5800018310547,9516700,0.0,0.0,JNJ,Johnson & Johnson
2024-12-20 00:00:00-05:00,143.0500030517578,145.47000122070312,142.75,144.47000122070312,17702800,0.0,0.0,JNJ,Johnson & Johnson
2024-12-23 00:00:00-05:00,144.6300048828125,145.3300018310547,143.4499969482422,145.27000427246094,8720800,0.0,0.0,JNJ,Johnson & Johnson
2024-12-24 00:00:00-05:00,145.0,145.85000610351562,144.3300018310547,145.85000610351562,3164100,0.0,0.0,JNJ,Johnson & Johnson
2024-12-26 00:00:00-05:00,145.50999450683594,146.3699951171875,145.08999633789062,145.5800018310547,4656300,0.0,0.0,JNJ,Johnson & Johnson
2024-12-27 00:00:00-05:00,144.8699951171875,146.60000610351562,144.67999267578125,145.0500030517578,5588300,0.0,0.0,JNJ,Johnson & Johnson
2024-12-30 00:00:00-05:00,144.83999633789062,144.8800048828125,142.9499969482422,143.33999633789062,6268700,0.0,0.0,JNJ,Johnson & Johnson
2024-12-31 00:00:00-05:00,143.75999450683594,144.6699981689453,143.30999755859375,144.6199951171875,5811400,0.0,0.0,JNJ,Johnson & Johnson
2025-01-02 00:00:00-05:00,145.22999572753906,145.77000427246094,143.77999877929688,144.02000427246094,6051300,0.0,0.0,JNJ,Johnson & Johnson
2025-01-03 00:00:00-05:00,144.07000732421875,144.57000732421875,143.6199951171875,144.19000244140625,5878800,0.0,0.0,JNJ,Johnson & Johnson
2025-01-06 00:00:00-05:00,143.50999450683594,144.82000732421875,142.92999267578125,143.66000366210938,7910500,0.0,0.0,JNJ,Johnson & Johnson
2025-01-07 00:00:00-05:00,143.75999450683594,147.17999267578125,143.58999633789062,146.22999572753906,8422000,0.0,0.0,JNJ,Johnson & Johnson
2025-01-08 00:00:00-05:00,145.49000549316406,145.58999633789062,141.44000244140625,142.27000427246094,11175600,0.0,0.0,JNJ,Johnson & Johnson
2025-01-10 00:00:00-05:00,141.0,143.6699981689453,140.67999267578125,142.05999755859375,8821500,0.0,0.0,JNJ,Johnson & Johnson
2025-01-13 00:00:00-05:00,142.97999572753906,145.07000732421875,142.30999755859375,144.47000122070312,10376400,0.0,0.0,JNJ,Johnson & Johnson
2025-01-14 00:00:00-05:00,144.5,144.80999755859375,142.86000061035156,144.75,8681700,0.0,0.0,JNJ,Johnson & Johnson
2025-01-15 00:00:00-05:00,145.30999755859375,146.0500030517578,144.25999450683594,144.97000122070312,7434600,0.0,0.0,JNJ,Johnson & Johnson
2025-01-16 00:00:00-05:00,144.32000732421875,148.07000732421875,144.05999755859375,147.77000427246094,8964000,0.0,0.0,JNJ,Johnson & Johnson
2025-01-17 00:00:00-05:00,147.44000244140625,148.3800048828125,146.61000061035156,147.02999877929688,10773100,0.0,0.0,JNJ,Johnson & Johnson
2025-01-21 00:00:00-05:00,147.55999755859375,148.86000061035156,147.0500030517578,148.14999389648438,11111700,0.0,0.0,JNJ,Johnson & Johnson
2025-01-22 00:00:00-05:00,144.0,145.47000122070312,142.11000061035156,145.27000427246094,16834700,0.0,0.0,JNJ,Johnson & Johnson
2025-01-23 00:00:00-05:00,145.44000244140625,147.91000366210938,144.80999755859375,146.63999938964844,10506400,0.0,0.0,JNJ,Johnson & Johnson
2025-01-24 00:00:00-05:00,146.80999755859375,147.6300048828125,146.3800048828125,146.82000732421875,9887300,0.0,0.0,JNJ,Johnson & Johnson
2025-01-27 00:00:00-05:00,148.4499969482422,153.4499969482422,148.0,152.88999938964844,15152300,0.0,0.0,JNJ,Johnson & Johnson
2025-01-28 00:00:00-05:00,152.66000366210938,152.97000122070312,150.3000030517578,150.3800048828125,10320600,0.0,0.0,JNJ,Johnson & Johnson
2025-01-29 00:00:00-05:00,150.5,151.8800048828125,150.0,151.14999389648438,7156400,0.0,0.0,JNJ,Johnson & Johnson
2025-01-30 00:00:00-05:00,151.91000366210938,154.13999938964844,151.36000061035156,152.8699951171875,8911000,0.0,0.0,JNJ,Johnson & Johnson
2025-01-31 00:00:00-05:00,152.6199951171875,153.17999267578125,152.05999755859375,152.14999389648438,8458700,0.0,0.0,JNJ,Johnson & Johnson
2025-02-03 00:00:00-05:00,152.0,152.47000122070312,150.77999877929688,151.8699951171875,6687500,0.0,0.0,JNJ,Johnson & Johnson
2025-02-04 00:00:00-05:00,151.36000061035156,154.17999267578125,150.9499969482422,153.49000549316406,9645000,0.0,0.0,JNJ,Johnson & Johnson
2025-02-05 00:00:00-05:00,153.82000732421875,154.72999572753906,153.30999755859375,154.69000244140625,8947000,0.0,0.0,JNJ,Johnson & Johnson
2025-02-06 00:00:00-05:00,154.7899932861328,154.83999633789062,153.3800048828125,153.50999450683594,7418100,0.0,0.0,JNJ,Johnson & Johnson
2025-02-07 00:00:00-05:00,153.52999877929688,154.49000549316406,152.8000030517578,153.1199951171875,6204900,0.0,0.0,JNJ,Johnson & Johnson
2025-02-10 00:00:00-05:00,153.61000061035156,154.3699951171875,152.2899932861328,154.24000549316406,6936200,0.0,0.0,JNJ,Johnson & Johnson
2025-02-11 00:00:00-05:00,154.11000061035156,156.38999938964844,153.94000244140625,156.1300048828125,7554500,0.0,0.0,JNJ,Johnson & Johnson
2025-02-12 00:00:00-05:00,155.27000427246094,155.66000366210938,154.27000427246094,155.25999450683594,7745400,0.0,0.0,JNJ,Johnson & Johnson
2024-08-13 00:00:00-04:00,565.8057956578631,571.5036496505156,564.8230727647405,570.0245971679688,2369400,0.0,0.0,UNH,UnitedHealth Group Incorporated
2024-08-14 00:00:00-04:00,571.017321528061,576.8541630129297,569.0618118043213,575.414794921875,2344400,0.0,0.0,UNH,UnitedHealth Group Incorporated
2024-08-15 00:00:00-04:00,575.4147207005816,579.0578234556162,569.2999669079345,575.3551635742188,2751800,0.0,0.0,UNH,UnitedHealth Group Incorporated
2024-08-16 00:00:00-04:00,576.6555983873324,577.3802808438967,569.885654986777,573.4393920898438,2728900,0.0,0.0,UNH,UnitedHealth Group Incorporated
2024-08-19 00:00:00-04:00,573.8364374896145,579.0180893432123,572.8338420208182,574.5313110351562,1847900,0.0,0.0,UNH,UnitedHealth Group Incorporated
2024-08-20 00:00:00-04:00,575.5933974338191,579.5243495716552,571.2753542645771,576.3875732421875,1677500,0.0,0.0,UNH,UnitedHealth Group Incorporated
2024-08-21 00:00:00-04:00,577.24128831852,579.1074925495309,573.1912216270588,573.8265380859375,2844300,0.0,0.0,UNH,UnitedHealth Group Incorporated
2024-08-22 00:00:00-04:00,574.9978792148873,578.6707306125778,566.4312249115101,574.4717407226562,2282000,0.0,0.0,UNH,UnitedHealth Group Incorporated
2024-08-23 00:00:00-04:00,576.7350554663799,580.9141729464395,574.2037863592949,580.2192993164062,2376400,0.0,0.0,UNH,UnitedHealth Group Incorporated
2024-08-26 00:00:00-04:00,583.733236833827,587.7436188214864,581.440196480205,582.8200073242188,1800000,0.0,0.0,UNH,UnitedHealth Group Incorporated
2024-08-27 00:00:00-04:00,585.1427626383983,587.9917501515478,579.4945902137159,583.038330078125,1581900,0.0,0.0,UNH,UnitedHealth Group Incorporated
2024-08-28 00:00:00-04:00,584.686185806099,588.4880873811231,579.583903145439,584.2196044921875,1657000,0.0,0.0,UNH,UnitedHealth Group Incorporated
2024-08-29 00:00:00-04:00,586.3439357530842,588.2597607607433,580.0802585522737,587.2274169921875,1953200,0.0,0.0,UNH,UnitedHealth Group Incorporated
2024-08-30 00:00:00-04:00,585.6689487113381,588.9050275117149,582.2840073779627,585.8674926757812,2944700,0.0,0.0,UNH,UnitedHealth Group Incorporated
2024-09-03 00:00:00-04:00,588.1704631202363,596.2506631618965,587.4755895456268,594.2852172851562,3175500,0.0,0.0,UNH,UnitedHealth Group Incorporated
2024-09-04 00:00:00-04:00,595.595564550957,603.4772816119992,593.4911317365127,599.744873046875,2935000,0.0,0.0,UNH,UnitedHealth Group Incorporated
2024-09-05 00:00:00-04:00,599.7548000129499,601.5515108479386,585.341368186935,591.11865234375,2144800,0.0,0.0,UNH,UnitedHealth Group Incorporated
2024-09-06 00:00:00-04:00,591.4958785573544,596.201073836542,587.9123931081807,592.4984741210938,2926400,0.0,0.0,UNH,UnitedHealth Group Incorporated
2024-09-09 00:00:00-04:00,593.9278840667579,595.0793421274482,571.0471006898715,589.7388305664062,3411400,0.0,0.0,UNH,UnitedHealth Group Incorporated
2024-09-10 00:00:00-04:00,590.8407248827724,600.3602930145313,586.8105308134728,594.6326904296875,2863500,0.0,0.0,UNH,UnitedHealth Group Incorporated
2024-09-11 00:00:00-04:00,584.8152687824747,587.0586883188708,574.7198808686923,585.4207763671875,3563600,0.0,0.0,UNH,UnitedHealth Group Incorporated
2024-09-12 00:00:00-04:00,584.2097634634275,586.1752093433813,578.9288091097155,584.1005249023438,3395800,0.0,0.0,UNH,UnitedHealth Group Incorporated
2024-09-13 00:00:00-04:00,586.741068991029,593.2925960578272,582.9192943794677,589.957275390625,2241900,0.0,0.0,UNH,UnitedHealth Group Incorporated
2024-09-16 00:00:00-04:00,592.726572058758,596.5020690072042,585.5142450110942,586.8889770507812,2548600,2.1,0.0,UNH,UnitedHealth Group Incorporated
2024-09-17 00:00:00-04:00,583.770938780384,584.4781870459,574.1877004618622,575.751708984375,3416000,0.0,0.0,UNH,UnitedHealth Group Incorporated
2024-09-18 00:00:00-04:00,574.6558995641345,582.2866660308667,570.1232965156134,578.4314575195312,2988300,0.0,0.0,UNH,UnitedHealth Group Incorporated
2024-09-19 00:00:00-04:00,581.489667204643,582.595472276238,572.3846359369088,574.8651123046875,2945700,0.0,0.0,UNH,UnitedHealth Group Incorporated
2024-09-20 00:00:00-04:00,569.5156603537499,576.6283944286406,567.4735051557421,572.8030395507812,5398700,0.0,0.0,UNH,UnitedHealth Group Incorporated
2024-09-23 00:00:00-04:00,574.2873039583018,577.2160730684463,569.8144693381378,571.2190551757812,2386100,0.0,0.0,UNH,UnitedHealth Group Incorporated
2024-09-24 00:00:00-04:00,568.6390113829656,575.1042045846888,563.8374204006341,572.9923095703125,3188500,0.0,0.0,UNH,UnitedHealth Group Incorporated
2024-09-25 00:00:00-04:00,575.6620693462316,578.8896802253943,570.8903928677107,574.1080322265625,2658800,0.0,0.0,UNH,UnitedHealth Group Incorporated
2024-09-26 00:00:00-04:00,572.8030460133152,574.3969084292664,568.7286462896825,572.61376953125,2751900,0.0,0.0,UNH,UnitedHealth Group Incorporated
2024-09-27 00:00:00-04:00,575.4727809022713,584.4683080747317,574.3869796461152,579.6268310546875,2986200,0.0,0.0,UNH,UnitedHealth Group Incorporated
2024-09-30 00:00:00-04:00,581.2705607670295,584.1793869943074,576.5287380665644,582.446044921875,3009700,0.0,0.0,UNH,UnitedHealth Group Incorporated
2024-10-01 00:00:00-04:00,582.7648057867148,586.4506808213114,578.5509874168811,581.0712890625,2648400,0.0,0.0,UNH,UnitedHealth Group Incorporated
2024-10-02 00:00:00-04:00,601.9512281056947,602.2102444152436,582.0176734137387,590.046875,3667000,0.0,0.0,UNH,UnitedHealth Group Incorporated
2024-10-03 00:00:00-04:00,588.3533913803373,590.963376058601,582.1372428091454,590.4852294921875,2645800,0.0,0.0,UNH,UnitedHealth Group Incorporated
2024-10-04 00:00:00-04:00,589.867601480009,593.8523183267544,586.191697756808,588.941162109375,2462600,0.0,0.0,UNH,UnitedHealth Group Incorporated
2024-10-07 00:00:00-04:00,586.5403199420612,590.1763982849591,581.1012205098971,581.330322265625,2591100,0.0,0.0,UNH,UnitedHealth Group Incorporated
2024-10-08 00:00:00-04:00,585.813131848725,586.9587622376332,577.3456087364799,579.35791015625,2231400,0.0,0.0,UNH,UnitedHealth Group Incorporated
2024-10-09 00:00:00-04:00,579.9356180114072,590.5349785917336,578.3915525137913,588.9609985351562,2207700,0.0,0.0,UNH,UnitedHealth Group Incorporated
2024-10-10 00:00:00-04:00,592.9059297567817,596.6615448024552,590.4951931140879,595.4163208007812,2143200,0.0,0.0,UNH,UnitedHealth Group Incorporated
2024-10-11 00:00:00-04:00,594.2109165058444,599.2217270265254,593.9220464288683,595.7649536132812,1909700,0.0,0.0,UNH,UnitedHealth Group Incorporated
2024-10-14 00:00:00-04:00,596.820907959829,606.3045534328749,595.0975373945624,603.0869140625,2447100,0.0,0.0,UNH,UnitedHealth Group Incorporated
2024-10-15 00:00:00-04:00,549.9108460266513,567.523286492741,540.9252904378909,554.1644897460938,11939400,0.0,0.0,UNH,UnitedHealth Group Incorporated
2024-10-16 00:00:00-04:00,554.8817786826845,573.9785166730484,552.9989854267741,569.1570434570312,5103900,0.0,0.0,UNH,UnitedHealth Group Incorporated
2024-10-17 00:00:00-04:00,558.4381210798689,567.2941074528051,556.585181664167,563.8673095703125,5588700,0.0,0.0,UNH,UnitedHealth Group Incorporated
2024-10-18 00:00:00-04:00,564.6841295545521,568.7685005702357,560.8886894069971,567.43359375,3687000,0.0,0.0,UNH,UnitedHealth Group Incorporated
2024-10-21 00:00:00-04:00,567.463534862332,577.0667169560322,566.5271239809637,569.2864990234375,3018000,0.0,0.0,UNH,UnitedHealth Group Incorporated
2024-10-22 00:00:00-04:00,565.6802874334315,570.8504594842544,563.3293193090901,567.6826171875,2593800,0.0,0.0,UNH,UnitedHealth Group Incorporated
2024-10-23 00:00:00-04:00,569.9439770210823,571.9463068235652,557.8603191720042,562.4826049804688,2911900,0.0,0.0,UNH,UnitedHealth Group Incorporated
2024-10-24 00:00:00-04:00,562.8312579508075,569.5156420514551,558.1691467445225,558.667236328125,2590200,0.0,0.0,UNH,UnitedHealth Group Incorporated
2024-10-25 00:00:00-04:00,563.9967553702502,569.3163787327896,561.456510722646,562.4028930664062,2513700,0.0,0.0,UNH,UnitedHealth Group Incorporated
2024-10-28 00:00:00-04:00,564.0864729876993,566.1585427518743,560.6596141016208,563.080322265625,1826500,0.0,0.0,UNH,UnitedHealth Group Incorporated
2024-10-29 00:00:00-04:00,560.6695437643403,565.5109597309057,558.5177628001233,559.982177734375,2600300,0.0,0.0,UNH,UnitedHealth Group Incorporated
2024-10-30 00:00:00-04:00,559.1055328069915,568.1309132296687,558.8066912304687,560.8090209960938,2323600,0.0,0.0,UNH,UnitedHealth Group Incorporated
2024-10-31 00:00:00-04:00,558.7369759288428,566.2780595176166,558.7369759288428,562.3431396484375,2490000,0.0,0.0,UNH,UnitedHealth Group Incorporated
2024-11-01 00:00:00-04:00,562.9607389741227,568.1508540738189,561.7454296336425,565.3914184570312,2548300,0.0,0.0,UNH,UnitedHealth Group Incorporated
2024-11-04 00:00:00-05:00,564.5745526267519,566.4175205056644,553.2977975345988,555.6388549804688,2656600,0.0,0.0,UNH,UnitedHealth Group Incorporated
2024-11-05 00:00:00-05:00,556.1469573222693,566.5669529227333,552.2817771318021,564.863525390625,2608100,0.0,0.0,UNH,UnitedHealth Group Incorporated
2024-11-06 00:00:00-05:00,601.592630013256,603.1864923775356,588.5924430966709,594.41015625,6591300,0.0,0.0,UNH,UnitedHealth Group Incorporated
2024-11-07 00:00:00-05:00,596.4024771649149,605.3182924101379,593.8722040999317,603.1366577148438,5254300,0.0,0.0,UNH,UnitedHealth Group Incorporated
2024-11-08 00:00:00-05:00,606.6731145690972,617.4318374454002,602.8876458832434,613.4570922851562,3875800,0.0,0.0,UNH,UnitedHealth Group Incorporated
2024-11-11 00:00:00-05:00,614.5429512418089,628.3200653170834,611.574295984625,622.8610229492188,3003200,0.0,0.0,UNH,UnitedHealth Group Incorporated
2024-11-12 00:00:00-05:00,617.2126847287383,622.0939260030653,611.4348579132343,612.3214111328125,2809400,0.0,0.0,UNH,UnitedHealth Group Incorporated
2024-11-13 00:00:00-05:00,610.6578158788722,610.6677873986341,600.7557927455936,603.5550537109375,3409400,0.0,0.0,UNH,UnitedHealth Group Incorporated
2024-11-14 00:00:00-05:00,601.1741534833437,603.6845443123551,586.7395278204243,590.8836669921875,3079200,0.0,0.0,UNH,UnitedHealth Group Incorporated
2024-11-15 00:00:00-05:00,589.6583499791401,596.6415756026674,587.6959062234808,589.9671630859375,3423900,0.0,0.0,UNH,UnitedHealth Group Incorporated
2024-11-18 00:00:00-05:00,587.1878752040337,591.8699296452811,583.0836217283752,587.3970947265625,2577100,0.0,0.0,UNH,UnitedHealth Group Incorporated
2024-11-19 00:00:00-05:00,580.49346447164,584.5977783615618,574.5662473813603,574.7953491210938,3198300,0.0,0.0,UNH,UnitedHealth Group Incorporated
2024-11-20 00:00:00-05:00,580.4835616065799,600.3374043327883,579.3279597689269,598.20556640625,3928600,0.0,0.0,UNH,UnitedHealth Group Incorporated
2024-11-21 00:00:00-05:00,597.7075117710442,601.6922285161845,594.4499863752673,595.2070922851562,2722900,0.0,0.0,UNH,UnitedHealth Group Incorporated
2024-11-22 00:00:00-05:00,596.2729857691207,598.9626816172668,586.420759446317,588.6123657226562,3197900,0.0,0.0,UNH,UnitedHealth Group Incorporated
2024-11-25 00:00:00-05:00,595.2967804295272,607.5099470897067,592.7365926018982,603.5152587890625,5146200,0.0,0.0,UNH,UnitedHealth Group Incorporated
2024-11-26 00:00:00-05:00,605.9160296241207,606.1451313845334,596.5918068623564,604.4715576171875,2693600,0.0,0.0,UNH,UnitedHealth Group Incorporated
2024-11-27 00:00:00-05:00,608.6953800462886,615.0908332155625,604.3819072679667,606.0554809570312,2269800,0.0,0.0,UNH,UnitedHealth Group Incorporated
2024-11-29 00:00:00-05:00,606.4738551408609,613.4272269621441,604.3021918872973,607.8685302734375,2010800,0.0,0.0,UNH,UnitedHealth Group Incorporated
2024-12-02 00:00:00-05:00,611.6539884886568,611.6539884886568,598.4745579978784,606.1949462890625,3364900,0.0,0.0,UNH,UnitedHealth Group Incorporated
2024-12-03 00:00:00-05:00,608.5160023623235,613.3973044611947,602.5090737748694,602.91748046875,2329900,0.0,0.0,UNH,UnitedHealth Group Incorporated
2024-12-04 00:00:00-05:00,608.6854003415343,620.4502736062433,604.6508261646666,608.4562377929688,4147600,0.0,0.0,UNH,UnitedHealth Group Incorporated
2024-12-05 00:00:00-05:00,603.325954171487,606.6631299986327,571.6972662023405,576.7578125,5943700,0.0,0.0,UNH,UnitedHealth Group Incorporated
2024-12-06 00:00:00-05:00,579.8858081061877,579.8858081061877,542.0609164207237,547.5199584960938,13003600,0.0,0.0,UNH,UnitedHealth Group Incorporated
2024-12-09 00:00:00-05:00,552.0,562.97998046875,544.6400146484375,560.6199951171875,7684700,2.1,0.0,UNH,UnitedHealth Group Incorporated
2024-12-10 00:00:00-05:00,562.0,567.75,557.030029296875,565.1900024414062,5360600,0.0,0.0,UNH,UnitedHealth Group Incorporated
2024-12-11 00:00:00-05:00,555.6599731445312,558.0999755859375,532.6699829101562,533.530029296875,10363000,0.0,0.0,UNH,UnitedHealth Group Incorporated
2024-12-12 00:00:00-05:00,531.530029296875,534.0,514.1900024414062,515.760009765625,9403800,0.0,0.0,UNH,UnitedHealth Group Incorporated
2024-12-13 00:00:00-05:00,515.6400146484375,527.530029296875,510.7200012207031,520.47998046875,8202900,0.0,0.0,UNH,UnitedHealth Group Incorporated
2024-12-16 00:00:00-05:00,518.0,521.7000122070312,496.0799865722656,498.5,8880000,0.0,0.0,UNH,UnitedHealth Group Incorporated
2024-12-17 00:00:00-05:00,487.0,495.6000061035156,475.82000732421875,485.5199890136719,14132700,0.0,0.0,UNH,UnitedHealth Group Incorporated
2024-12-18 00:00:00-05:00,488.42999267578125,506.5400085449219,486.0,499.7200012207031,10147600,0.0,0.0,UNH,UnitedHealth Group Incorporated
2024-12-19 00:00:00-05:00,500.1400146484375,503.6499938964844,486.239990234375,489.25,7418100,0.0,0.0,UNH,UnitedHealth Group Incorporated
2024-12-20 00:00:00-05:00,489.2900085449219,502.6400146484375,488.7300109863281,500.1300048828125,10956900,0.0,0.0,UNH,UnitedHealth Group Incorporated
2024-12-23 00:00:00-05:00,500.760009765625,508.7799987792969,499.04998779296875,506.3399963378906,4286000,0.0,0.0,UNH,UnitedHealth Group Incorporated
2024-12-24 00:00:00-05:00,504.3999938964844,506.1000061035156,500.5899963378906,506.1000061035156,1824400,0.0,0.0,UNH,UnitedHealth Group Incorporated
2024-12-26 00:00:00-05:00,505.6499938964844,512.219970703125,504.7300109863281,511.1499938964844,3387000,0.0,0.0,UNH,UnitedHealth Group Incorporated
2024-12-27 00:00:00-05:00,509.4200134277344,513.1799926757812,507.79998779296875,509.989990234375,3471800,0.0,0.0,UNH,UnitedHealth Group Incorporated
2024-12-30 00:00:00-05:00,506.8599853515625,509.7300109863281,500.6600036621094,507.79998779296875,5408600,0.0,0.0,UNH,UnitedHealth Group Incorporated
2024-12-31 00:00:00-05:00,509.3500061035156,511.0,503.3399963378906,505.8599853515625,4214000,0.0,0.0,UNH,UnitedHealth Group Incorporated
2025-01-02 00:00:00-05:00,508.0,512.1099853515625,503.2900085449219,504.510009765625,4234900,0.0,0.0,UNH,UnitedHealth Group Incorporated
2025-01-03 00:00:00-05:00,506.3500061035156,516.2899780273438,505.3800048828125,513.0,3019500,0.0,0.0,UNH,UnitedHealth Group Incorporated
2025-01-06 00:00:00-05:00,513.0,520.2999877929688,509.82000732421875,513.6699829101562,4444800,0.0,0.0,UNH,UnitedHealth Group Incorporated
2025-01-07 00:00:00-05:00,518.8499755859375,519.5,511.2200012207031,514.25,3914500,0.0,0.0,UNH,UnitedHealth Group Incorporated
2025-01-08 00:00:00-05:00,514.5,524.6699829101562,509.510009765625,524.52001953125,4141700,0.0,0.0,UNH,UnitedHealth Group Incorporated
2025-01-10 00:00:00-05:00,526.6400146484375,535.4500122070312,518.469970703125,520.6900024414062,5467500,0.0,0.0,UNH,UnitedHealth Group Incorporated
2025-01-13 00:00:00-05:00,535.0399780273438,547.4000244140625,533.1400146484375,541.1400146484375,6472500,0.0,0.0,UNH,UnitedHealth Group Incorporated
2025-01-14 00:00:00-05:00,539.6500244140625,544.5499877929688,536.5499877929688,543.739990234375,3978300,0.0,0.0,UNH,UnitedHealth Group Incorporated
2025-01-15 00:00:00-05:00,537.0999755859375,546.2899780273438,534.3300170898438,543.4199829101562,4103900,0.0,0.0,UNH,UnitedHealth Group Incorporated
2025-01-16 00:00:00-05:00,530.3499755859375,539.8400268554688,510.0,510.5899963378906,9059900,0.0,0.0,UNH,UnitedHealth Group Incorporated
2025-01-17 00:00:00-05:00,505.6199951171875,521.8200073242188,502.79998779296875,509.760009765625,7495700,0.0,0.0,UNH,UnitedHealth Group Incorporated
2025-01-21 00:00:00-05:00,514.0499877929688,525.0,512.8200073242188,524.989990234375,5682100,0.0,0.0,UNH,UnitedHealth Group Incorporated
2025-01-22 00:00:00-05:00,521.6599731445312,524.4400024414062,516.0,519.719970703125,3756100,0.0,0.0,UNH,UnitedHealth Group Incorporated
2025-01-23 00:00:00-05:00,527.8699951171875,531.47998046875,519.3200073242188,529.77001953125,4580800,0.0,0.0,UNH,UnitedHealth Group Incorporated
2025-01-24 00:00:00-05:00,528.1099853515625,534.6300048828125,524.510009765625,532.510009765625,3671200,0.0,0.0,UNH,UnitedHealth Group Incorporated
2025-01-27 00:00:00-05:00,539.97998046875,551.9099731445312,539.97998046875,543.52001953125,4263000,0.0,0.0,UNH,UnitedHealth Group Incorporated
2025-01-28 00:00:00-05:00,543.010009765625,546.5,537.8400268554688,542.47998046875,3162700,0.0,0.0,UNH,UnitedHealth Group Incorporated
2025-01-29 00:00:00-05:00,541.72998046875,543.47998046875,534.010009765625,538.0999755859375,2737600,0.0,0.0,UNH,UnitedHealth Group Incorporated
2025-01-30 00:00:00-05:00,539.469970703125,547.1099853515625,535.0,545.5700073242188,2924700,0.0,0.0,UNH,UnitedHealth Group Incorporated
2025-01-31 00:00:00-05:00,543.239990234375,549.1599731445312,541.4099731445312,542.489990234375,4120500,0.0,0.0,UNH,UnitedHealth Group Incorporated
2025-02-03 00:00:00-05:00,542.0,553.9099731445312,541.0700073242188,548.1799926757812,4083600,0.0,0.0,UNH,UnitedHealth Group Incorporated
2025-02-04 00:00:00-05:00,545.2000122070312,548.8099975585938,541.510009765625,545.4500122070312,2869900,0.0,0.0,UNH,UnitedHealth Group Incorporated
2025-02-05 00:00:00-05:00,530.72998046875,540.7000122070312,521.9099731445312,539.8099975585938,4621600,0.0,0.0,UNH,UnitedHealth Group Incorporated
2025-02-06 00:00:00-05:00,537.8900146484375,539.0999755859375,525.27001953125,530.0399780273438,3926800,0.0,0.0,UNH,UnitedHealth Group Incorporated
2025-02-07 00:00:00-05:00,529.2000122070312,532.3900146484375,525.3900146484375,527.030029296875,3349100,0.0,0.0,UNH,UnitedHealth Group Incorporated
2025-02-10 00:00:00-05:00,527.6699829101562,534.1599731445312,523.3800048828125,533.3699951171875,3143100,0.0,0.0,UNH,UnitedHealth Group Incorporated
2025-02-11 00:00:00-05:00,535.0,547.5399780273438,528.27001953125,533.9199829101562,2631900,0.0,0.0,UNH,UnitedHealth Group Incorporated
2025-02-12 00:00:00-05:00,539.8499755859375,542.3499755859375,525.510009765625,527.4000244140625,3858100,0.0,0.0,UNH,UnitedHealth Group Incorporated
2024-08-13 00:00:00-04:00,81.43000030517578,83.04000091552734,80.58000183105469,82.9000015258789,2932500,0.0,0.0,MRNA,"Moderna, Inc."
2024-08-14 00:00:00-04:00,82.75,83.5199966430664,81.3499984741211,82.25,2638100,0.0,0.0,MRNA,"Moderna, Inc."
2024-08-15 00:00:00-04:00,83.6500015258789,87.87999725341797,83.55999755859375,86.62000274658203,3971500,0.0,0.0,MRNA,"Moderna, Inc."
2024-08-16 00:00:00-04:00,88.0,88.77999877929688,86.23999786376953,86.83999633789062,3399300,0.0,0.0,MRNA,"Moderna, Inc."
2024-08-19 00:00:00-04:00,87.0199966430664,91.98999786376953,86.62000274658203,89.95999908447266,4136200,0.0,0.0,MRNA,"Moderna, Inc."
2024-08-20 00:00:00-04:00,89.23999786376953,89.80000305175781,86.91000366210938,86.94000244140625,2706100,0.0,0.0,MRNA,"Moderna, Inc."
2024-08-21 00:00:00-04:00,87.7300033569336,88.58999633789062,85.87999725341797,86.6500015258789,3150500,0.0,0.0,MRNA,"Moderna, Inc."
2024-08-22 00:00:00-04:00,86.16000366210938,86.80000305175781,80.76000213623047,81.04000091552734,5345400,0.0,0.0,MRNA,"Moderna, Inc."
2024-08-23 00:00:00-04:00,82.3499984741211,84.27999877929688,81.25,82.44000244140625,4225200,0.0,0.0,MRNA,"Moderna, Inc."
2024-08-26 00:00:00-04:00,82.62999725341797,83.67400360107422,81.25,81.66000366210938,2303500,0.0,0.0,MRNA,"Moderna, Inc."
2024-08-27 00:00:00-04:00,81.58999633789062,81.61000061035156,78.4000015258789,78.9800033569336,3640200,0.0,0.0,MRNA,"Moderna, Inc."
2024-08-28 00:00:00-04:00,79.94999694824219,80.55999755859375,78.19999694824219,78.36000061035156,3024000,0.0,0.0,MRNA,"Moderna, Inc."
2024-08-29 00:00:00-04:00,78.77999877929688,79.5999984741211,77.45999908447266,77.58999633789062,3307800,0.0,0.0,MRNA,"Moderna, Inc."
2024-08-30 00:00:00-04:00,78.4800033569336,78.5199966430664,76.05999755859375,77.4000015258789,3591700,0.0,0.0,MRNA,"Moderna, Inc."
2024-09-03 00:00:00-04:00,77.55000305175781,77.75,72.54000091552734,72.94000244140625,5185000,0.0,0.0,MRNA,"Moderna, Inc."
2024-09-04 00:00:00-04:00,72.4000015258789,74.43000030517578,71.62000274658203,72.48999786376953,4233100,0.0,0.0,MRNA,"Moderna, Inc."
2024-09-05 00:00:00-04:00,72.77999877929688,73.5999984741211,71.51000213623047,73.44000244140625,2541800,0.0,0.0,MRNA,"Moderna, Inc."
2024-09-06 00:00:00-04:00,73.44000244140625,73.5999984741211,71.6500015258789,72.88999938964844,3425400,0.0,0.0,MRNA,"Moderna, Inc."
2024-09-09 00:00:00-04:00,73.4800033569336,78.80000305175781,73.26000213623047,76.61000061035156,5321200,0.0,0.0,MRNA,"Moderna, Inc."
2024-09-10 00:00:00-04:00,76.12000274658203,79.95899963378906,75.94999694824219,79.27999877929688,3661700,0.0,0.0,MRNA,"Moderna, Inc."
2024-09-11 00:00:00-04:00,79.05000305175781,79.87999725341797,77.44000244140625,79.51000213623047,3370700,0.0,0.0,MRNA,"Moderna, Inc."
2024-09-12 00:00:00-04:00,67.88999938964844,70.8499984741211,64.11000061035156,69.68000030517578,23990300,0.0,0.0,MRNA,"Moderna, Inc."
2024-09-13 00:00:00-04:00,66.16999816894531,68.58000183105469,65.55000305175781,68.27999877929688,11969000,0.0,0.0,MRNA,"Moderna, Inc."
2024-09-16 00:00:00-04:00,68.12000274658203,70.5999984741211,67.80999755859375,69.16999816894531,4875000,0.0,0.0,MRNA,"Moderna, Inc."
2024-09-17 00:00:00-04:00,70.11000061035156,75.37100219726562,69.79000091552734,71.98999786376953,7183200,0.0,0.0,MRNA,"Moderna, Inc."
2024-09-18 00:00:00-04:00,72.19000244140625,73.3499984741211,69.81999969482422,69.86000061035156,4278400,0.0,0.0,MRNA,"Moderna, Inc."
2024-09-19 00:00:00-04:00,71.8499984741211,71.97000122070312,67.91000366210938,68.0199966430664,5065400,0.0,0.0,MRNA,"Moderna, Inc."
2024-09-20 00:00:00-04:00,67.5999984741211,67.91000366210938,64.69999694824219,65.69000244140625,12421500,0.0,0.0,MRNA,"Moderna, Inc."
2024-09-23 00:00:00-04:00,66.05000305175781,66.05000305175781,64.0999984741211,64.13999938964844,5917900,0.0,0.0,MRNA,"Moderna, Inc."
2024-09-24 00:00:00-04:00,64.80000305175781,65.25,63.880001068115234,63.939998626708984,5167000,0.0,0.0,MRNA,"Moderna, Inc."
2024-09-25 00:00:00-04:00,63.95000076293945,64.86000061035156,63.5099983215332,63.63999938964844,4524400,0.0,0.0,MRNA,"Moderna, Inc."
2024-09-26 00:00:00-04:00,64.80000305175781,65.06999969482422,63.369998931884766,63.93000030517578,4467700,0.0,0.0,MRNA,"Moderna, Inc."
2024-09-27 00:00:00-04:00,64.8499984741211,66.87999725341797,64.25,65.75,4738600,0.0,0.0,MRNA,"Moderna, Inc."
2024-09-30 00:00:00-04:00,65.69000244140625,67.95999908447266,65.30999755859375,66.83000183105469,4809900,0.0,0.0,MRNA,"Moderna, Inc."
2024-10-01 00:00:00-04:00,67.12999725341797,67.55000305175781,63.40999984741211,63.93000030517578,4643600,0.0,0.0,MRNA,"Moderna, Inc."
2024-10-02 00:00:00-04:00,63.52000045776367,63.689998626708984,62.58000183105469,63.15999984741211,4107400,0.0,0.0,MRNA,"Moderna, Inc."
2024-10-03 00:00:00-04:00,62.529998779296875,62.970001220703125,61.029998779296875,61.06999969482422,4711900,0.0,0.0,MRNA,"Moderna, Inc."
2024-10-04 00:00:00-04:00,61.5099983215332,62.11000061035156,59.619998931884766,60.20000076293945,6209600,0.0,0.0,MRNA,"Moderna, Inc."
2024-10-07 00:00:00-04:00,60.20000076293945,60.650001525878906,58.33000183105469,58.720001220703125,5021400,0.0,0.0,MRNA,"Moderna, Inc."
2024-10-08 00:00:00-04:00,58.529998779296875,58.66999816894531,57.75,58.38999938964844,3828000,0.0,0.0,MRNA,"Moderna, Inc."
2024-10-09 00:00:00-04:00,58.33000183105469,59.52000045776367,57.9010009765625,58.86000061035156,2974700,0.0,0.0,MRNA,"Moderna, Inc."
2024-10-10 00:00:00-04:00,58.40999984741211,58.70000076293945,56.63999938964844,56.83000183105469,4415000,0.0,0.0,MRNA,"Moderna, Inc."
2024-10-11 00:00:00-04:00,56.709999084472656,59.73400115966797,55.70000076293945,58.290000915527344,6261000,0.0,0.0,MRNA,"Moderna, Inc."
2024-10-14 00:00:00-04:00,57.900001525878906,58.959999084472656,57.04999923706055,57.72999954223633,3361300,0.0,0.0,MRNA,"Moderna, Inc."
2024-10-15 00:00:00-04:00,57.63999938964844,58.619998931884766,57.119998931884766,57.310001373291016,4087300,0.0,0.0,MRNA,"Moderna, Inc."
2024-10-16 00:00:00-04:00,57.81999969482422,58.45000076293945,57.119998931884766,57.459999084472656,3258200,0.0,0.0,MRNA,"Moderna, Inc."
2024-10-17 00:00:00-04:00,57.08000183105469,57.14500045776367,54.81999969482422,54.81999969482422,5423700,0.0,0.0,MRNA,"Moderna, Inc."
2024-10-18 00:00:00-04:00,54.53499984741211,55.099998474121094,53.54999923706055,54.099998474121094,6754700,0.0,0.0,MRNA,"Moderna, Inc."
2024-10-21 00:00:00-04:00,53.81999969482422,54.7599983215332,53.04999923706055,53.79999923706055,4092100,0.0,0.0,MRNA,"Moderna, Inc."
2024-10-22 00:00:00-04:00,53.66999816894531,54.78900146484375,52.810001373291016,53.400001525878906,3559700,0.0,0.0,MRNA,"Moderna, Inc."
2024-10-23 00:00:00-04:00,53.220001220703125,54.7400016784668,52.77000045776367,53.38999938964844,4288900,0.0,0.0,MRNA,"Moderna, Inc."
2024-10-24 00:00:00-04:00,53.38999938964844,53.83599853515625,52.2599983215332,52.79999923706055,3767100,0.0,0.0,MRNA,"Moderna, Inc."
2024-10-25 00:00:00-04:00,53.0099983215332,54.5099983215332,52.79999923706055,53.09000015258789,3704400,0.0,0.0,MRNA,"Moderna, Inc."
2024-10-28 00:00:00-04:00,53.310001373291016,55.77000045776367,53.099998474121094,54.79999923706055,5011900,0.0,0.0,MRNA,"Moderna, Inc."
2024-10-29 00:00:00-04:00,55.209999084472656,57.689998626708984,54.880001068115234,55.220001220703125,5592500,0.0,0.0,MRNA,"Moderna, Inc."
2024-10-30 00:00:00-04:00,54.369998931884766,55.03499984741211,53.5,54.720001220703125,4280600,0.0,0.0,MRNA,"Moderna, Inc."
2024-10-31 00:00:00-04:00,54.349998474121094,54.57500076293945,52.91999816894531,54.36000061035156,4511400,0.0,0.0,MRNA,"Moderna, Inc."
2024-11-01 00:00:00-04:00,54.4900016784668,55.349998474121094,53.88999938964844,54.630001068115234,4787100,0.0,0.0,MRNA,"Moderna, Inc."
2024-11-04 00:00:00-05:00,54.599998474121094,55.650001525878906,53.40999984741211,53.540000915527344,4037200,0.0,0.0,MRNA,"Moderna, Inc."
2024-11-05 00:00:00-05:00,53.529998779296875,54.31999969482422,52.08000183105469,53.290000915527344,5765900,0.0,0.0,MRNA,"Moderna, Inc."
2024-11-06 00:00:00-05:00,52.61000061035156,52.85499954223633,49.599998474121094,51.810001373291016,10681500,0.0,0.0,MRNA,"Moderna, Inc."
2024-11-07 00:00:00-05:00,56.599998474121094,56.69499969482422,49.939998626708984,50.279998779296875,18211700,0.0,0.0,MRNA,"Moderna, Inc."
2024-11-08 00:00:00-05:00,50.41999816894531,50.900001525878906,46.56999969482422,46.83000183105469,13561500,0.0,0.0,MRNA,"Moderna, Inc."
2024-11-11 00:00:00-05:00,46.83000183105469,46.880001068115234,42.25,42.75,15915900,0.0,0.0,MRNA,"Moderna, Inc."
2024-11-12 00:00:00-05:00,42.189998626708984,44.11000061035156,41.540000915527344,43.470001220703125,10714200,0.0,0.0,MRNA,"Moderna, Inc."
2024-11-13 00:00:00-05:00,43.25,43.279998779296875,41.709999084472656,42.13999938964844,7725400,0.0,0.0,MRNA,"Moderna, Inc."
2024-11-14 00:00:00-05:00,42.04999923706055,42.060001373291016,38.7599983215332,39.77000045776367,12890100,0.0,0.0,MRNA,"Moderna, Inc."
2024-11-15 00:00:00-05:00,38.54999923706055,38.70000076293945,35.79999923706055,36.849998474121094,24355500,0.0,0.0,MRNA,"Moderna, Inc."
2024-11-18 00:00:00-05:00,38.310001373291016,39.76499938964844,37.099998474121094,39.5099983215332,13877000,0.0,0.0,MRNA,"Moderna, Inc."
2024-11-19 00:00:00-05:00,38.89500045776367,39.279998779296875,37.0099983215332,37.290000915527344,9148800,0.0,0.0,MRNA,"Moderna, Inc."
2024-11-20 00:00:00-05:00,37.290000915527344,38.220001220703125,36.404998779296875,36.939998626708984,7340800,0.0,0.0,MRNA,"Moderna, Inc."
2024-11-21 00:00:00-05:00,36.54999923706055,38.81999969482422,35.959999084472656,38.25,8964100,0.0,0.0,MRNA,"Moderna, Inc."
2024-11-22 00:00:00-05:00,38.439998626708984,42.400001525878906,37.7599983215332,41.11000061035156,13410800,0.0,0.0,MRNA,"Moderna, Inc."
2024-11-25 00:00:00-05:00,43.0,46.29999923706055,42.83000183105469,43.65999984741211,15821700,0.0,0.0,MRNA,"Moderna, Inc."
2024-11-26 00:00:00-05:00,43.130001068115234,43.29999923706055,41.470001220703125,42.04999923706055,7248900,0.0,0.0,MRNA,"Moderna, Inc."
2024-11-27 00:00:00-05:00,42.4900016784668,43.459999084472656,42.08000183105469,43.38999938964844,5083500,0.0,0.0,MRNA,"Moderna, Inc."
2024-11-29 00:00:00-05:00,43.25,43.849998474121094,42.29999923706055,43.060001373291016,3591500,0.0,0.0,MRNA,"Moderna, Inc."
2024-12-02 00:00:00-05:00,43.33000183105469,44.659000396728516,42.06999969482422,44.2599983215332,6832800,0.0,0.0,MRNA,"Moderna, Inc."
2024-12-03 00:00:00-05:00,43.97999954223633,44.25,42.36000061035156,42.58000183105469,7192600,0.0,0.0,MRNA,"Moderna, Inc."
2024-12-04 00:00:00-05:00,42.7599983215332,42.79999923706055,41.47600173950195,41.630001068115234,5010900,0.0,0.0,MRNA,"Moderna, Inc."
2024-12-05 00:00:00-05:00,41.900001525878906,44.45000076293945,41.744998931884766,42.939998626708984,8084200,0.0,0.0,MRNA,"Moderna, Inc."
2024-12-06 00:00:00-05:00,43.52000045776367,46.619998931884766,43.15999984741211,44.439998626708984,8742700,0.0,0.0,MRNA,"Moderna, Inc."
2024-12-09 00:00:00-05:00,44.77000045776367,47.41299819946289,44.099998474121094,45.650001525878906,7292500,0.0,0.0,MRNA,"Moderna, Inc."
2024-12-10 00:00:00-05:00,45.36000061035156,45.4900016784668,41.05500030517578,41.5099983215332,10482700,0.0,0.0,MRNA,"Moderna, Inc."
2024-12-11 00:00:00-05:00,41.900001525878906,43.25,41.060001373291016,42.86000061035156,5619300,0.0,0.0,MRNA,"Moderna, Inc."
2024-12-12 00:00:00-05:00,42.54999923706055,43.79999923706055,41.70000076293945,42.81999969482422,5236600,0.0,0.0,MRNA,"Moderna, Inc."
2024-12-13 00:00:00-05:00,42.23500061035156,42.689998626708984,41.380001068115234,41.83000183105469,4862100,0.0,0.0,MRNA,"Moderna, Inc."
2024-12-16 00:00:00-05:00,42.15999984741211,44.380001068115234,41.279998779296875,41.84000015258789,8038300,0.0,0.0,MRNA,"Moderna, Inc."
2024-12-17 00:00:00-05:00,41.849998474121094,43.16999816894531,40.630001068115234,40.7599983215332,6266800,0.0,0.0,MRNA,"Moderna, Inc."
2024-12-18 00:00:00-05:00,40.04999923706055,41.724998474121094,38.20000076293945,38.36000061035156,8573000,0.0,0.0,MRNA,"Moderna, Inc."
2024-12-19 00:00:00-05:00,38.560001373291016,39.869998931884766,37.439998626708984,39.560001373291016,7497500,0.0,0.0,MRNA,"Moderna, Inc."
2024-12-20 00:00:00-05:00,39.20000076293945,40.83000183105469,39.119998931884766,39.38999938964844,35482900,0.0,0.0,MRNA,"Moderna, Inc."
2024-12-23 00:00:00-05:00,39.189998626708984,40.34000015258789,38.52000045776367,39.59000015258789,5112300,0.0,0.0,MRNA,"Moderna, Inc."
2024-12-24 00:00:00-05:00,39.59000015258789,40.35499954223633,38.75,40.27000045776367,2521900,0.0,0.0,MRNA,"Moderna, Inc."
2024-12-26 00:00:00-05:00,39.560001373291016,40.54999923706055,39.2400016784668,40.43000030517578,4234500,0.0,0.0,MRNA,"Moderna, Inc."
2024-12-27 00:00:00-05:00,40.35499954223633,41.4900016784668,39.79399871826172,40.130001068115234,4825100,0.0,0.0,MRNA,"Moderna, Inc."
2024-12-30 00:00:00-05:00,39.73500061035156,40.5,38.880001068115234,39.380001068115234,5515000,0.0,0.0,MRNA,"Moderna, Inc."
2024-12-31 00:00:00-05:00,39.709999084472656,41.790000915527344,39.38999938964844,41.58000183105469,7573700,0.0,0.0,MRNA,"Moderna, Inc."
2025-01-02 00:00:00-05:00,42.20000076293945,43.29999923706055,41.40999984741211,42.0,5313500,0.0,0.0,MRNA,"Moderna, Inc."
2025-01-03 00:00:00-05:00,42.25,42.619998931884766,41.08000183105469,42.18000030517578,5555600,0.0,0.0,MRNA,"Moderna, Inc."
2025-01-06 00:00:00-05:00,44.0,44.52000045776367,41.630001068115234,42.56999969482422,8577600,0.0,0.0,MRNA,"Moderna, Inc."
2025-01-07 00:00:00-05:00,43.900001525878906,48.91999816894531,42.86000061035156,47.529998779296875,22592300,0.0,0.0,MRNA,"Moderna, Inc."
2025-01-08 00:00:00-05:00,47.599998474121094,47.70000076293945,43.0099983215332,43.16999816894531,13347600,0.0,0.0,MRNA,"Moderna, Inc."
2025-01-10 00:00:00-05:00,42.76499938964844,43.70000076293945,41.78499984741211,42.25,6411900,0.0,0.0,MRNA,"Moderna, Inc."
2025-01-13 00:00:00-05:00,33.29999923706055,35.380001068115234,31.940000534057617,35.150001525878906,33488000,0.0,0.0,MRNA,"Moderna, Inc."
2025-01-14 00:00:00-05:00,35.150001525878906,35.68000030517578,33.18000030517578,34.459999084472656,14427300,0.0,0.0,MRNA,"Moderna, Inc."
2025-01-15 00:00:00-05:00,35.18000030517578,35.540000915527344,34.459999084472656,34.77000045776367,7459700,0.0,0.0,MRNA,"Moderna, Inc."
2025-01-16 00:00:00-05:00,34.75,34.95000076293945,33.34000015258789,33.7599983215332,7340900,0.0,0.0,MRNA,"Moderna, Inc."
2025-01-17 00:00:00-05:00,33.84000015258789,34.790000915527344,33.599998474121094,34.060001373291016,8130500,0.0,0.0,MRNA,"Moderna, Inc."
2025-01-21 00:00:00-05:00,35.7599983215332,37.900001525878906,35.29999923706055,35.88999938964844,12834900,0.0,0.0,MRNA,"Moderna, Inc."
2025-01-22 00:00:00-05:00,36.349998474121094,41.09000015258789,36.0,38.5,16694500,0.0,0.0,MRNA,"Moderna, Inc."
2025-01-23 00:00:00-05:00,38.400001525878906,42.540000915527344,36.9900016784668,42.38999938964844,13684200,0.0,0.0,MRNA,"Moderna, Inc."
2025-01-24 00:00:00-05:00,43.18000030517578,45.400001525878906,40.78499984741211,41.40999984741211,17245600,0.0,0.0,MRNA,"Moderna, Inc."
2025-01-27 00:00:00-05:00,40.869998931884766,44.08000183105469,40.709999084472656,41.650001525878906,12162900,0.0,0.0,MRNA,"Moderna, Inc."
2025-01-28 00:00:00-05:00,41.9900016784668,45.150001525878906,40.75,44.939998626708984,13285800,0.0,0.0,MRNA,"Moderna, Inc."
2025-01-29 00:00:00-05:00,43.279998779296875,44.7400016784668,40.67499923706055,40.720001220703125,14598100,0.0,0.0,MRNA,"Moderna, Inc."
2025-01-30 00:00:00-05:00,41.400001525878906,42.540000915527344,39.880001068115234,41.040000915527344,12259600,0.0,0.0,MRNA,"Moderna, Inc."
2025-01-31 00:00:00-05:00,41.185001373291016,41.459999084472656,39.310001373291016,39.41999816894531,6538800,0.0,0.0,MRNA,"Moderna, Inc."
2025-02-03 00:00:00-05:00,38.209999084472656,38.650001525878906,35.93000030517578,36.54999923706055,13511800,0.0,0.0,MRNA,"Moderna, Inc."
2025-02-04 00:00:00-05:00,36.650001525878906,37.91999816894531,33.84000015258789,34.16999816894531,22904900,0.0,0.0,MRNA,"Moderna, Inc."
2025-02-05 00:00:00-05:00,34.31999969482422,35.56999969482422,33.90399932861328,34.97999954223633,9353700,0.0,0.0,MRNA,"Moderna, Inc."
2025-02-06 00:00:00-05:00,35.20000076293945,35.2400016784668,33.61000061035156,33.61000061035156,8978800,0.0,0.0,MRNA,"Moderna, Inc."
2025-02-07 00:00:00-05:00,33.5099983215332,33.77000045776367,32.459999084472656,32.599998474121094,9646800,0.0,0.0,MRNA,"Moderna, Inc."
2025-02-10 00:00:00-05:00,33.0,33.39400100708008,31.65999984741211,31.8700008392334,10918300,0.0,0.0,MRNA,"Moderna, Inc."
2025-02-11 00:00:00-05:00,31.520000457763672,32.41999816894531,30.700000762939453,30.93000030517578,10088600,0.0,0.0,MRNA,"Moderna, Inc."
2025-02-12 00:00:00-05:00,30.969999313354492,31.079999923706055,30.239999771118164,30.53499984741211,8306600,0.0,0.0,MRNA,"Moderna, Inc."
2024-08-13 00:00:00-04:00,54.590147331564445,55.16632254401963,54.44366065581904,54.512020111083984,7839300,0.0,0.0,CVS,CVS Health Corporation
2024-08-14 00:00:00-04:00,54.570612676189576,55.09795648564555,54.44365781219521,54.678035736083984,5873200,0.0,0.0,CVS,CVS Health Corporation
2024-08-15 00:00:00-04:00,55.068663912003764,56.22101434515017,54.971008611016146,56.21125030517578,10041000,0.0,0.0,CVS,CVS Health Corporation
2024-08-16 00:00:00-04:00,56.015934558833195,57.16828496278701,55.95733914453846,56.98273468017578,7442700,0.0,0.0,CVS,CVS Health Corporation
2024-08-19 00:00:00-04:00,57.041330735951284,57.75422485398885,57.01203489112988,57.42219161987305,7469100,0.0,0.0,CVS,CVS Health Corporation
2024-08-20 00:00:00-04:00,57.324533554760826,57.86164512733641,57.1389832790144,57.51984786987305,4178700,0.0,0.0,CVS,CVS Health Corporation
2024-08-21 00:00:00-04:00,57.60774021437347,57.85188218155111,56.71906360285928,56.95343780517578,4730400,0.0,0.0,CVS,CVS Health Corporation
2024-08-22 00:00:00-04:00,57.09015790210898,57.09015790210898,55.83038443110867,56.38703155517578,7883100,0.0,0.0,CVS,CVS Health Corporation
2024-08-23 00:00:00-04:00,56.69953299238559,57.471018793676144,56.4163274104214,57.37336349487305,9614400,0.0,0.0,CVS,CVS Health Corporation
2024-08-26 00:00:00-04:00,57.32453536987305,58.38899450936323,57.19758050223362,57.32453536987305,6892600,0.0,0.0,CVS,CVS Health Corporation
2024-08-27 00:00:00-04:00,57.24640495569386,57.36359577711665,56.084290583080865,56.11358642578125,6180900,0.0,0.0,CVS,CVS Health Corporation
2024-08-28 00:00:00-04:00,56.15265249741705,56.572576979335636,55.43975839970452,55.898746490478516,7963600,0.0,0.0,CVS,CVS Health Corporation
2024-08-29 00:00:00-04:00,56.006167736324414,56.13312260677744,55.1760865090559,55.635074615478516,9181000,0.0,0.0,CVS,CVS Health Corporation
2024-08-30 00:00:00-04:00,55.6253049538015,56.07452527970625,55.51788189210454,55.898746490478516,8188100,0.0,0.0,CVS,CVS Health Corporation
2024-09-03 00:00:00-04:00,55.859686529158985,57.12922409737171,55.77179526615059,56.03546905517578,11601600,0.0,0.0,CVS,CVS Health Corporation
2024-09-04 00:00:00-04:00,56.04523211367385,58.45735605874455,55.918277241483025,57.91047668457031,14231300,0.0,0.0,CVS,CVS Health Corporation
2024-09-05 00:00:00-04:00,58.1057895635085,58.23274443253262,56.054998480803135,56.70929718017578,7022200,0.0,0.0,CVS,CVS Health Corporation
2024-09-06 00:00:00-04:00,56.77765807157656,57.73469418274829,56.29914187864618,56.39679718017578,6262800,0.0,0.0,CVS,CVS Health Corporation
2024-09-09 00:00:00-04:00,56.592109570732596,56.777656127409784,54.20928155176859,55.14678955078125,9140100,0.0,0.0,CVS,CVS Health Corporation
2024-09-10 00:00:00-04:00,55.25421261710625,55.73272879367854,54.42412768123729,55.60577392578125,5113500,0.0,0.0,CVS,CVS Health Corporation
2024-09-11 00:00:00-04:00,55.02960126738976,55.02960126738976,53.525689489103996,54.79522705078125,9768400,0.0,0.0,CVS,CVS Health Corporation
2024-09-12 00:00:00-04:00,55.0198351655072,56.38703170396476,54.57061482941519,56.181949615478516,7140200,0.0,0.0,CVS,CVS Health Corporation
2024-09-13 00:00:00-04:00,56.21124982416445,56.904612141051736,55.762025757657064,56.62140655517578,7429400,0.0,0.0,CVS,CVS Health Corporation
2024-09-16 00:00:00-04:00,56.953438281394135,57.26593970396964,56.5237497566805,57.00226593017578,5169900,0.0,0.0,CVS,CVS Health Corporation
2024-09-17 00:00:00-04:00,57.00226985344523,57.373366715286515,56.21125220293142,56.47492599487305,6171100,0.0,0.0,CVS,CVS Health Corporation
2024-09-18 00:00:00-04:00,56.523750228497,57.8030517736845,56.39679536035635,57.05109405517578,5104300,0.0,0.0,CVS,CVS Health Corporation
2024-09-19 00:00:00-04:00,57.324536243628074,57.715161166864476,56.75812507576559,57.03156661987305,4885400,0.0,0.0,CVS,CVS Health Corporation
2024-09-20 00:00:00-04:00,56.640938276259575,56.719065496514,55.791325245202735,56.162418365478516,10240000,0.0,0.0,CVS,CVS Health Corporation
2024-09-23 00:00:00-04:00,56.22101593017578,56.73859574556185,55.97687394551276,56.22101593017578,9407100,0.0,0.0,CVS,CVS Health Corporation
2024-09-24 00:00:00-04:00,56.289370564787326,56.8655457482358,55.976869149219745,56.71906280517578,7813600,0.0,0.0,CVS,CVS Health Corporation
2024-09-25 00:00:00-04:00,57.44172031520986,57.93977200207662,56.953436392962026,57.26593780517578,11270700,0.0,0.0,CVS,CVS Health Corporation
2024-09-26 00:00:00-04:00,57.36359969195389,57.69563292469049,56.982735084303265,57.62726974487305,8357200,0.0,0.0,CVS,CVS Health Corporation
2024-09-27 00:00:00-04:00,58.05696180301978,60.41049026880428,57.90071108963905,59.94173812866211,12510200,0.0,0.0,CVS,CVS Health Corporation
2024-09-30 00:00:00-04:00,61.631199674043245,62.10971585039836,60.76205485447874,61.40658950805664,15930600,0.0,0.0,CVS,CVS Health Corporation
2024-10-01 00:00:00-04:00,61.52377633700054,61.69955885313112,59.336262650325985,60.09798812866211,16285900,0.0,0.0,CVS,CVS Health Corporation
2024-10-02 00:00:00-04:00,61.53354353471657,62.46128381183973,60.43978849790021,60.78158950805664,22297800,0.0,0.0,CVS,CVS Health Corporation
2024-10-03 00:00:00-04:00,60.49837989882016,61.738621532706084,60.01986000648986,61.445648193359375,10141600,0.0,0.0,CVS,CVS Health Corporation
2024-10-04 00:00:00-04:00,62.2269059185681,64.03355498939744,62.16831050520907,63.076515197753906,16311000,0.0,0.0,CVS,CVS Health Corporation
2024-10-07 00:00:00-04:00,62.76401427786947,64.16050664225943,62.58823176170075,63.72105407714844,11720100,0.0,0.0,CVS,CVS Health Corporation
2024-10-08 00:00:00-04:00,63.769880510524324,64.55113028248279,63.428075819007624,64.35581970214844,10476600,0.0,0.0,CVS,CVS Health Corporation
2024-10-09 00:00:00-04:00,64.35581962904695,64.47300299686604,63.3890195914343,64.42417907714844,8604800,0.0,0.0,CVS,CVS Health Corporation
2024-10-10 00:00:00-04:00,65.80114149416278,66.08434707525359,65.08825110953909,65.28356170654297,12759800,0.0,0.0,CVS,CVS Health Corporation
2024-10-11 00:00:00-04:00,65.52770607195362,66.11364533499236,64.72692067398886,65.06871795654297,12908800,0.0,0.0,CVS,CVS Health Corporation
2024-10-14 00:00:00-04:00,65.20543819688432,66.21130943547897,64.96129621142993,65.8792724609375,13436300,0.0,0.0,CVS,CVS Health Corporation
2024-10-15 00:00:00-04:00,62.95932987404522,64.54136500738095,62.10971317052026,63.47690963745117,17216600,0.0,0.0,CVS,CVS Health Corporation
2024-10-16 00:00:00-04:00,63.71129084281293,64.28746980646972,63.37926131678392,63.49644470214844,10734000,0.0,0.0,CVS,CVS Health Corporation
2024-10-17 00:00:00-04:00,61.924167878491254,62.42221584815483,61.035491274546295,62.17807388305664,9744300,0.0,0.0,CVS,CVS Health Corporation
2024-10-18 00:00:00-04:00,58.144851947342595,59.04329260072863,56.12335675191323,58.92610549926758,42250200,0.0,0.0,CVS,CVS Health Corporation
2024-10-21 00:00:00-04:00,59.000164519891115,59.52351205418161,57.14375661501463,57.43999099731445,13579700,0.665,0.0,CVS,CVS Health Corporation
2024-10-22 00:00:00-04:00,57.124009017137794,57.20300686396747,55.96869375843878,56.136558532714844,14553600,0.0,0.0,CVS,CVS Health Corporation
2024-10-23 00:00:00-04:00,55.98844213978099,56.48216737246544,55.75145237068964,56.06743621826172,9942300,0.0,0.0,CVS,CVS Health Corporation
2024-10-24 00:00:00-04:00,55.97856453254164,56.462416909390775,55.38609577056164,55.41571807861328,8811400,0.0,0.0,CVS,CVS Health Corporation
2024-10-25 00:00:00-04:00,55.672458184949804,56.640159187127985,55.6230864151414,55.78107833862305,8439000,0.0,0.0,CVS,CVS Health Corporation
2024-10-28 00:00:00-04:00,55.840323369540684,56.99564237910822,55.76132929062666,56.640159606933594,9021600,0.0,0.0,CVS,CVS Health Corporation
2024-10-29 00:00:00-04:00,56.38342168391682,56.77840338812934,55.494718499675706,55.544090270996094,6814000,0.0,0.0,CVS,CVS Health Corporation
2024-10-30 00:00:00-04:00,55.553961470121315,56.08718562493887,55.45521793041048,55.68233108520508,8643000,0.0,0.0,CVS,CVS Health Corporation
2024-10-31 00:00:00-04:00,56.03781494393827,56.60066141824067,55.23797869617056,55.7514533996582,7559000,0.0,0.0,CVS,CVS Health Corporation
2024-11-01 00:00:00-04:00,56.02794074008605,56.51178935591129,54.921993513122075,55.10961151123047,13589400,0.0,0.0,CVS,CVS Health Corporation
2024-11-04 00:00:00-05:00,55.26760284001474,55.93906944673052,53.964168548583984,53.964168548583984,11544200,0.0,0.0,CVS,CVS Health Corporation
2024-11-05 00:00:00-05:00,53.81605304428213,54.65538447494011,53.628438802569995,54.645511627197266,11115000,0.0,0.0,CVS,CVS Health Corporation
2024-11-06 00:00:00-05:00,60.9256970207447,62.53524240148203,60.05673952008087,60.83682632446289,29141100,0.0,0.0,CVS,CVS Health Corporation
2024-11-07 00:00:00-05:00,60.52084009332483,60.9158180204664,56.343925065319574,56.353797912597656,22292300,0.0,0.0,CVS,CVS Health Corporation
2024-11-08 00:00:00-05:00,56.4722934034118,56.56116410013046,54.75413162261727,54.84300231933594,13650300,0.0,0.0,CVS,CVS Health Corporation
2024-11-11 00:00:00-05:00,54.882498357521236,55.721829741526,54.4677672057036,55.10961151123047,11570600,0.0,0.0,CVS,CVS Health Corporation
2024-11-12 00:00:00-05:00,54.92199418521331,54.92199418521331,52.838473087083756,53.35194778442383,15970300,0.0,0.0,CVS,CVS Health Corporation
2024-11-13 00:00:00-05:00,53.21370741797784,53.94442245328564,53.00634371477249,53.58893966674805,8050700,0.0,0.0,CVS,CVS Health Corporation
2024-11-14 00:00:00-05:00,53.34207559192985,54.49739085000906,53.18408366517993,54.39864730834961,8792300,0.0,0.0,CVS,CVS Health Corporation
2024-11-15 00:00:00-05:00,54.29990539277264,54.36902662736911,52.048515660634514,52.522491455078125,16695400,0.0,0.0,CVS,CVS Health Corporation
2024-11-18 00:00:00-05:00,53.05571472818278,56.06743798932771,52.77922979452971,55.34659957885742,18704100,0.0,0.0,CVS,CVS Health Corporation
2024-11-19 00:00:00-05:00,54.87262328489214,55.998316237865325,54.586261739500806,55.07011413574219,12128500,0.0,0.0,CVS,CVS Health Corporation
2024-11-20 00:00:00-05:00,55.544090562239234,56.94626846257901,55.29722793751817,56.11681365966797,11449500,0.0,0.0,CVS,CVS Health Corporation
2024-11-21 00:00:00-05:00,56.08718465602561,56.43279457269227,55.69220673718095,56.383419036865234,7243200,0.0,0.0,CVS,CVS Health Corporation
2024-11-22 00:00:00-05:00,56.48216900604744,57.311627571619965,55.909445911493336,57.28200149536133,11153900,0.0,0.0,CVS,CVS Health Corporation
2024-11-25 00:00:00-05:00,58.25957858517403,59.53339061420983,58.150958429187696,59.326026916503906,15615700,0.0,0.0,CVS,CVS Health Corporation
2024-11-26 00:00:00-05:00,58.871796536580185,59.08903684746699,57.58811166651877,58.26945114135742,7884800,0.0,0.0,CVS,CVS Health Corporation
2024-11-27 00:00:00-05:00,58.239829939005325,59.38527236638571,58.15095924348336,59.2075309753418,7597400,0.0,0.0,CVS,CVS Health Corporation
2024-11-29 00:00:00-05:00,59.010040589175325,59.7111333113174,58.861925273350046,59.09891128540039,3947700,0.0,0.0,CVS,CVS Health Corporation
2024-12-02 00:00:00-05:00,58.95079552498287,59.000167296552284,57.87447433074098,58.33857727050781,11633700,0.0,0.0,CVS,CVS Health Corporation
2024-12-03 00:00:00-05:00,59.168031551417066,59.296401169825145,58.28920121802843,58.44719314575195,9011500,0.0,0.0,CVS,CVS Health Corporation
2024-12-04 00:00:00-05:00,58.25957756810779,58.60518372491757,57.05488679267152,57.32149887084961,7953800,0.0,0.0,CVS,CVS Health Corporation
2024-12-05 00:00:00-05:00,57.41037019044037,57.548612654673754,55.76132970019265,56.14643478393555,9063500,0.0,0.0,CVS,CVS Health Corporation
2024-12-06 00:00:00-05:00,56.284677419020994,56.432796497906175,54.54676622980144,54.59613800048828,9635200,0.0,0.0,CVS,CVS Health Corporation
2024-12-09 00:00:00-05:00,54.43814616887084,55.563839116517045,54.26040478062937,55.36634826660156,11535000,0.0,0.0,CVS,CVS Health Corporation
2024-12-10 00:00:00-05:00,55.29722861386701,55.29722861386701,53.79630338518594,54.4578971862793,12685400,0.0,0.0,CVS,CVS Health Corporation
2024-12-11 00:00:00-05:00,53.81605147424125,54.151784790074636,51.08081317665076,51.110435485839844,17925000,0.0,0.0,CVS,CVS Health Corporation
2024-12-12 00:00:00-05:00,50.85370117179986,51.51529120421147,48.8491778455575,48.95779800415039,22510300,0.0,0.0,CVS,CVS Health Corporation
2024-12-13 00:00:00-05:00,48.52331789347506,49.313277555188115,47.407497752466426,48.750431060791016,17647700,0.0,0.0,CVS,CVS Health Corporation
2024-12-16 00:00:00-05:00,48.39494559253599,48.5035657462888,45.7979535838307,46.01519012451172,20783500,0.0,0.0,CVS,CVS Health Corporation
2024-12-17 00:00:00-05:00,45.393099669786366,45.709083521335955,43.378699791039274,43.48731994628906,29444300,0.0,0.0,CVS,CVS Health Corporation
2024-12-18 00:00:00-05:00,44.23778186954278,46.034941487252425,44.030418167535835,44.71175765991211,26201900,0.0,0.0,CVS,CVS Health Corporation
2024-12-19 00:00:00-05:00,43.734181213751576,44.72163166102441,43.05283799436563,43.2305793762207,26006200,0.0,0.0,CVS,CVS Health Corporation
2024-12-20 00:00:00-05:00,43.17133507669613,44.208157300569965,43.13183615447772,43.80330276489258,21447300,0.0,0.0,CVS,CVS Health Corporation
2024-12-23 00:00:00-05:00,43.793427080822724,43.82305315652788,43.01334406797998,43.586063385009766,16405000,0.0,0.0,CVS,CVS Health Corporation
2024-12-24 00:00:00-05:00,43.447820458708506,43.69468307495117,43.181208381147485,43.69468307495117,5922700,0.0,0.0,CVS,CVS Health Corporation
2024-12-26 00:00:00-05:00,43.58606348388505,45.116610970986684,43.4576938670705,44.35627365112305,11335500,0.0,0.0,CVS,CVS Health Corporation
2024-12-27 00:00:00-05:00,44.139038660856535,44.49452144803836,43.68481232915743,43.93167495727539,10563800,0.0,0.0,CVS,CVS Health Corporation
2024-12-30 00:00:00-05:00,43.6848108500422,43.87242508500253,43.10221491673681,43.388572692871094,12153700,0.0,0.0,CVS,CVS Health Corporation
2024-12-31 00:00:00-05:00,43.289830250903755,44.46489499473906,43.17133724512135,44.32665252685547,11688400,0.0,0.0,CVS,CVS Health Corporation
2025-01-02 00:00:00-05:00,44.54389228565145,44.7907549085896,43.556441793898856,43.665061950683594,10626100,0.0,0.0,CVS,CVS Health Corporation
2025-01-03 00:00:00-05:00,44.1587877699486,45.679458684206296,43.58606466921961,45.19561004638672,12202300,0.0,0.0,CVS,CVS Health Corporation
2025-01-06 00:00:00-05:00,45.50171908788859,46.578036475100625,45.11661024365336,45.24497985839844,16462500,0.0,0.0,CVS,CVS Health Corporation
2025-01-07 00:00:00-05:00,45.73870665456885,46.23243190236586,44.99811878287334,45.205482482910156,10244500,0.0,0.0,CVS,CVS Health Corporation
2025-01-08 00:00:00-05:00,45.07711529556341,45.60046283734453,44.35627314032297,45.432594299316406,14272800,0.0,0.0,CVS,CVS Health Corporation
2025-01-10 00:00:00-05:00,45.837450941839435,47.49636810272565,45.75845685965783,47.40749740600586,16826100,0.0,0.0,CVS,CVS Health Corporation
2025-01-13 00:00:00-05:00,49.71812843791044,51.12031002965599,48.89854652666809,50.87344741821289,25668800,0.0,0.0,CVS,CVS Health Corporation
2025-01-14 00:00:00-05:00,50.85369981254206,51.42642290006012,49.51076655460629,50.922821044921875,16623500,0.0,0.0,CVS,CVS Health Corporation
2025-01-15 00:00:00-05:00,51.15981147792528,51.62391064891602,50.774702620923804,51.48566818237305,10969700,0.0,0.0,CVS,CVS Health Corporation
2025-01-16 00:00:00-05:00,50.784578627521974,51.505417027887006,49.994618994712674,51.307926177978516,14277300,0.0,0.0,CVS,CVS Health Corporation
2025-01-17 00:00:00-05:00,51.574539224856885,52.22625640496578,51.149935208001494,51.95964431762695,13415600,0.0,0.0,CVS,CVS Health Corporation
2025-01-21 00:00:00-05:00,52.27562661773821,52.60148708148748,51.55478822538863,52.482994079589844,9962500,0.0,0.0,CVS,CVS Health Corporation
2025-01-22 00:00:00-05:00,52.088010998623496,52.828598832727145,51.683156466653145,52.32500076293945,10672900,0.0,0.0,CVS,CVS Health Corporation
2025-01-23 00:00:00-05:00,53.52000045776367,54.61000061035156,52.689998626708984,53.81999969482422,13422100,0.665,0.0,CVS,CVS Health Corporation
2025-01-24 00:00:00-05:00,53.59000015258789,54.93000030517578,53.279998779296875,54.54999923706055,13122100,0.0,0.0,CVS,CVS Health Corporation
2025-01-27 00:00:00-05:00,55.0,56.77000045776367,55.0,56.20000076293945,11342200,0.0,0.0,CVS,CVS Health Corporation
2025-01-28 00:00:00-05:00,56.060001373291016,57.619998931884766,56.0,57.33000183105469,14019700,0.0,0.0,CVS,CVS Health Corporation
2025-01-29 00:00:00-05:00,57.4900016784668,58.459999084472656,56.790000915527344,56.900001525878906,11615100,0.0,0.0,CVS,CVS Health Corporation
2025-01-30 00:00:00-05:00,56.630001068115234,57.040000915527344,55.31999969482422,56.81999969482422,11121100,0.0,0.0,CVS,CVS Health Corporation
2025-01-31 00:00:00-05:00,56.75,57.31999969482422,55.7599983215332,56.47999954223633,10823700,0.0,0.0,CVS,CVS Health Corporation
2025-02-03 00:00:00-05:00,56.08000183105469,56.66999816894531,55.25,55.95000076293945,8638400,0.0,0.0,CVS,CVS Health Corporation
2025-02-04 00:00:00-05:00,55.5099983215332,56.54999923706055,55.25,56.349998474121094,7865600,0.0,0.0,CVS,CVS Health Corporation
2025-02-05 00:00:00-05:00,56.38999938964844,56.40999984741211,55.2599983215332,55.689998626708984,7641200,0.0,0.0,CVS,CVS Health Corporation
2025-02-06 00:00:00-05:00,55.779998779296875,55.97999954223633,53.84000015258789,54.2400016784668,14970200,0.0,0.0,CVS,CVS Health Corporation
2025-02-07 00:00:00-05:00,54.540000915527344,54.810001373291016,53.900001525878906,54.0099983215332,5911500,0.0,0.0,CVS,CVS Health Corporation
2025-02-10 00:00:00-05:00,54.38999938964844,54.41999816894531,53.36000061035156,54.290000915527344,10097600,0.0,0.0,CVS,CVS Health Corporation
2025-02-11 00:00:00-05:00,54.560001373291016,55.939998626708984,54.060001373291016,55.0,12665500,0.0,0.0,CVS,CVS Health Corporation
2025-02-12 00:00:00-05:00,60.61000061035156,64.11000061035156,60.5,63.220001220703125,36550300,0.0,0.0,CVS,CVS Health Corporation
